ID,Address,Rooms,Type,Price,Date,Bathroom,Car,Landsize,Age,Lattitude,Longtitude
ID936583900,1/21 Herbert St,2,u,730000.0,12/08/2017,1.0,1.0,292.0,19.0,-37.86528,145.11775
ID639338302,29 Stewart St,4,h,2230000.0,4/03/2017,2.0,3.0,851.0,79.0,-37.7637,144.9662
ID867071077,47 Kellett Gr,4,h,2245000.0,27/11/2016,3.0,2.0,627.0,60.0,-37.7915,145.0348
ID837469648,1/119 Melrose Dr,4,h,586000.0,8/07/2017,1.0,3.0,0.0,44.0,-37.70695,144.88513999999995
ID867645514,12 Pleasance St,3,h,1573000.0,17/06/2017,1.0,2.0,670.0,89.0,-37.91855,145.02628
ID220705510,40 Zetland Rd,6,h,2350000.0,12/11/2016,3.0,3.0,2026.0,40.0,-37.8176,145.1117
ID205441607,44 Draper St,2,h,1810000.0,10/12/2016,1.0,0.0,240.0,119.0,-37.8379,144.9539
ID255293260,74 Arthur St,3,h,796000.0,24/06/2017,2.0,2.0,534.0,69.0,-37.69852,145.04836
ID798309297,498 Waterdale Rd,3,h,950000.0,19/11/2016,1.0,2.0,800.0,59.0,-37.7406,145.0483
ID141279127,5/333 George St,3,u,772000.0,10/12/2016,2.0,1.0,203.0,33.0,-37.7776,145.1267
ID481504862,111/18 Bent St,2,u,631090.0,27/06/2016,2.0,1.0,2136.0,7.0,-37.7956,144.935
ID523765134,8 Marwarra St,4,h,910000.0,3/06/2017,1.0,2.0,669.0,54.0,-37.816559999999996,145.24247
ID546158019,299 South Rd,3,h,1590000.0,8/10/2016,3.0,2.0,481.0,7.0,-37.931,145.0198
ID412353159,481 Albion St,4,h,1585000.0,30/07/2016,1.0,2.0,562.0,99.0,-37.7583,144.9428
ID437986939,4 Frederick St,3,h,1170000.0,26/07/2016,1.0,0.0,285.0,129.0,-37.7634,144.9593
ID874449180,2 Gumleaf Ct,3,h,636000.0,8/07/2017,2.0,2.0,585.0,19.0,-37.75777,144.77974
ID434285922,20 Howie St,3,h,1875000.0,13/08/2016,2.0,3.0,607.0,99.0,-37.8534,145.0735
ID246788039,5/50 Barkly St,1,u,350000.0,1/07/2017,1.0,1.0,0.0,49.0,-37.798590000000004,144.97336
ID952572787,15A Riversdale Av,3,h,825000.0,22/07/2017,2.0,1.0,355.0,29.0,-38.07196,145.13036
ID376117659,11 Nottingham St,5,h,1900000.0,16/04/2016,2.0,2.0,566.0,129.0,-37.7893,144.933
ID315973230,12 Strada Cr,4,h,1245000.0,26/08/2017,2.0,2.0,652.0,38.0,-37.90562,145.16761
ID867768342,18 Primula Bvd,4,h,800000.0,26/07/2016,2.0,2.0,719.0,19.0,-37.7062,144.8978
ID936844579,19 Derna St,2,h,752000.0,18/03/2017,1.0,0.0,627.0,64.0,-37.7469,145.0399
ID803738727,24 Tivoli Rd,3,h,1810000.0,24/06/2017,2.0,2.0,273.0,49.0,-37.8386,144.99851999999996
ID126010582,1/249 Lower Plenty Rd,3,h,720000.0,13/08/2016,1.0,2.0,604.0,109.0,-37.7377,145.0737
ID255293260,74 Arthur St,3,h,796000.0,24/06/2017,2.0,2.0,534.0,69.0,-37.69852,145.04836
ID481962672,77 Corrigan Av,2,u,555000.0,29/07/2017,2.0,1.0,207.0,9.0,-37.820009999999996,144.84245
ID688866347,10 Dundalk St,3,h,651500.0,8/04/2017,1.0,1.0,555.0,69.0,-37.7988,144.822
ID284839300,14 Myers St,3,h,485000.0,12/11/2016,4.0,2.0,482.0,64.0,-37.7904,144.8133
ID260419890,15 Howitt St,4,h,3010000.0,24/09/2016,3.0,2.0,677.0,109.0,-37.8476,145.0554
ID542084653,89 Sayers Rd,4,h,510000.0,1/07/2017,2.0,2.0,443.0,69.0,-37.8543,144.74437
ID613127691,160 New St,2,h,1601000.0,17/09/2016,1.0,1.0,380.0,61.0,-37.9166,144.9926
ID915137233,208/11 Hillingdon Pl,1,u,550000.0,8/04/2017,1.0,1.0,0.0,119.0,-37.8516,144.9943
ID502532088,69 Buckingham St,3,h,1525000.0,9/09/2017,2.0,0.0,195.0,129.0,-37.81384,145.00358
ID188263492,1 Jordan St,2,h,1315000.0,24/09/2016,1.0,2.0,554.0,89.0,-37.7715,144.9426
ID332164974,40/337 Station St,1,u,370000.0,3/12/2016,1.0,1.0,0.0,20.0,-37.7634,145.02100000000004
ID794597016,1/23 Hawthorn Gr,1,u,415000.0,15/07/2017,1.0,1.0,0.0,5.0,-37.81519,145.03153
ID196306903,1/183 Kooyong Rd,2,u,857000.0,22/08/2016,0.0,0.0,0.0,56.0,-37.8458,145.0221
ID551942665,74 Pender St,3,h,1040000.0,25/02/2017,1.0,2.0,399.0,79.0,-37.7366,145.0063
ID439828868,3 Garden St,3,h,1494000.0,3/06/2017,1.0,0.0,333.0,51.0,-37.8649,144.89524
ID520032970,22 Andrews St,3,h,1175000.0,15/10/2016,1.0,2.0,661.0,54.0,-37.8495,145.1282
ID954789591,47 Churchill Wy,3,h,710000.0,19/08/2017,1.0,2.0,837.0,59.0,-37.796820000000004,145.30467
ID276315330,21/62 Wattletree Rd,2,u,821000.0,12/08/2017,2.0,1.0,3093.0,13.0,-37.86165,145.02148
ID548997726,70 Wetherby Rd,3,h,1410000.0,19/08/2017,1.0,2.0,723.0,24.0,-37.79309,145.14287
ID711178712,6 Melrose Ct,4,h,1152000.0,9/09/2017,2.0,2.0,734.0,83.0,-37.874320000000004,145.18766000000005
ID300535728,80 Gamon St,2,h,815000.0,30/07/2016,1.0,0.0,172.0,119.0,-37.81,144.8896
ID335108924,54 Brooke St,2,h,1550000.0,7/05/2016,1.0,1.0,167.0,119.0,-37.8405,144.9521
ID607654824,18 Lorraine St,4,h,2355000.0,25/02/2017,2.0,3.0,715.0,99.0,-37.7582,144.9128
ID508568642,4/605 High St,2,u,630000.0,20/05/2017,1.0,1.0,0.0,49.0,-37.8538,145.0088
ID126780341,1/536 Albion St,2,h,440000.0,28/08/2016,1.0,1.0,0.0,59.0,-37.7577,144.9354
ID911325726,17 Estelle St,3,h,1100000.0,17/06/2017,1.0,1.0,711.0,49.0,-37.77918,145.09049
ID866244335,8 Fulham Cl,3,h,750000.0,26/08/2017,1.0,2.0,698.0,59.0,-38.16624,145.13297
ID897262469,11 Caldwell St,3,h,721000.0,8/10/2016,1.0,2.0,674.0,43.0,-37.7102,144.9362
ID503709356,8 Howard Ct,3,h,1100000.0,27/11/2016,2.0,2.0,771.0,59.0,-37.7765,145.11700000000005
ID260438790,29 Brentwood Dr,3,h,820000.0,8/07/2017,1.0,2.0,680.0,19.0,-37.77178,144.85397
ID608075522,60 Carlisle St,2,h,1108000.0,22/04/2017,1.0,0.0,258.0,79.0,-37.7521,145.0071
ID917086566,6 Staff St,4,h,920000.0,28/05/2016,1.0,0.0,274.0,79.0,-37.8039,144.8929
ID408047142,4/76 Railway Rd,2,u,516000.0,6/08/2016,1.0,1.0,0.0,99.0,-37.889,145.0533
ID373437525,13 Anglers Dr,4,h,600000.0,22/07/2017,2.0,2.0,500.0,6.0,-37.627559999999995,145.03364
ID533968331,325 Belmore Rd,5,h,3250000.0,6/08/2016,4.0,2.0,886.0,6.0,-37.804,145.0951
ID875303025,94 Mason St,2,h,801000.0,18/06/2016,1.0,1.0,343.0,99.0,-37.8414,144.8752
ID949827994,2/38 Ethel St,2,h,501000.0,29/07/2017,1.0,1.0,71.0,49.0,-37.77169,144.97557
ID712347234,90 Clarinda Rd,4,h,1715000.0,3/12/2016,2.0,3.0,668.0,19.0,-37.7633,144.908
ID557181233,35 Douglas St,3,h,1365000.0,10/09/2016,1.0,1.0,792.0,69.0,-37.864000000000004,145.0972
ID514614536,4/93 Harding St,3,t,590000.0,17/09/2016,2.0,2.0,0.0,6.0,-37.7458,144.9751
ID510244764,99 Murray Rd,3,h,900000.0,12/11/2016,1.0,1.0,527.0,69.0,-37.7396,145.0174
ID498809458,41 Clifton St,2,h,1035000.0,13/08/2016,1.0,0.0,108.0,119.0,-37.8251,144.9959
ID329002362,25 Marriot Rd,3,h,810000.0,1/07/2017,2.0,2.0,766.0,24.0,-37.714240000000004,144.7958
ID439806587,1/78 Oxford St,2,t,945000.0,8/04/2017,1.0,1.0,15900.0,139.0,-37.8035,144.985
ID571097059,12 Power St,3,h,1670000.0,22/04/2017,1.0,1.0,534.0,3.0,-37.8114,145.0793
ID799741499,58 Sherbrooke Av,3,h,840000.0,29/07/2017,1.0,4.0,601.0,69.0,-37.93869,145.08441000000005
ID686529471,3/178 Sycamore St,2,u,490000.0,29/04/2017,1.0,1.0,0.0,59.0,-37.8906,145.0259
ID435599222,27 Bewdley St,4,h,1875000.0,7/11/2016,2.0,2.0,702.0,90.0,-37.9063,145.0493
ID139634698,3/11 Lincoln Pl,2,h,1177000.0,18/03/2017,2.0,2.0,521.0,19.0,-37.8543,144.9939
ID253002668,2/1099 Doncaster Rd,3,u,850000.0,17/06/2017,2.0,1.0,236.0,39.0,-37.789629999999995,145.16973000000004
ID704018409,1/25 Mercer Rd,3,u,2120000.0,29/04/2017,2.0,3.0,395.0,39.0,-37.8536,145.0263
ID538050424,3/14 Aberdeen St,2,u,452000.0,13/08/2016,1.0,1.0,0.0,49.0,-37.703,145.0201
ID606604845,7 Colclough Ct,5,h,880000.0,30/07/2016,3.0,2.0,387.0,59.0,-37.7225,144.9055
ID607234054,1/27 Baird St,3,t,728000.0,15/10/2016,2.0,2.0,218.0,109.0,-37.7895,144.8723
ID401375268,6/14 Shelley St,2,u,599999.0,3/12/2016,1.0,0.0,0.0,18.0,-37.8808,144.9847
ID583655162,199 Mansfield St,1,u,300000.0,22/04/2017,1.0,1.0,948.0,49.0,-37.7577,145.0151
ID957140328,33 Argyle Rd,4,h,2286000.0,15/10/2016,3.0,2.0,712.0,44.0,-37.8034,145.0527
ID946190364,1/59 Parker St,3,t,766000.0,18/03/2017,1.0,1.0,226.0,59.0,-37.7567,145.1209
ID879657603,129 Outhwaite Rd,2,h,875000.0,24/06/2017,1.0,3.0,671.0,19.0,-37.739020000000004,145.04529
ID310055262,86 Northumberland Rd,3,h,680000.0,18/03/2017,1.0,2.0,553.0,44.0,-37.7706,144.8422
ID731514487,18/61 High St,2,u,685000.0,20/05/2017,1.0,1.0,8220.0,54.0,-37.8508,144.9874
ID938685241,2/9 Standring Cl,3,h,988000.0,19/08/2017,2.0,2.0,243.0,7.0,-37.78298,145.17682
ID717858518,3 Valnere St,4,h,940000.0,7/05/2016,2.0,1.0,516.0,34.0,-37.7839,144.8853
ID410281990,2/120 Suffolk St,2,h,502000.0,8/10/2016,1.0,1.0,144.0,14.0,-37.7895,144.8667
ID974194346,67 Alexandra St,3,h,1326000.0,24/06/2017,1.0,2.0,1020.0,59.0,-37.70821,145.10405
ID287766856,60 Bardsley St,3,h,650000.0,18/03/2017,1.0,3.0,612.0,49.0,-37.7916,144.82
ID294516006,3 Leyte Pde,3,h,880000.0,6/05/2017,1.0,2.0,689.0,4.0,-37.7382,145.0451
ID566145717,16 Flowerdale Rd,5,h,2000000.0,14/05/2016,3.0,1.0,696.0,99.0,-37.8563,145.0709
ID556732175,5/67 Auburn Rd,1,u,350000.0,12/11/2016,1.0,1.0,0.0,59.0,-37.8208,145.0456
ID535827525,1/10 Florence Rd,2,u,813000.0,28/01/2016,1.0,2.0,108.0,99.0,-37.8276,145.1023
ID409137922,110/61 Stawell St,1,u,405000.0,7/05/2016,1.0,1.0,7455.0,14.0,-37.821999999999996,145.0104
ID985752638,36 Windsor St,3,h,932000.0,13/08/2016,1.0,1.0,451.0,109.0,-37.8023,144.8915
ID510439100,39 Heath St,2,h,900000.0,14/05/2016,1.0,0.0,124.0,119.0,-37.8356,144.9439
ID218762349,16 Border Dr,3,h,703000.0,3/09/2016,2.0,2.0,683.0,24.0,-37.7402,144.8591
ID197692444,59 Bemersyde Dr,4,h,608500.0,17/06/2017,2.0,2.0,563.0,24.0,-38.05379,145.34803
ID661609127,398 Grimshaw St,3,h,680000.0,22/07/2017,1.0,3.0,539.0,28.0,-37.7015,145.07548
ID477712716,130 Manningham Rd,3,h,880000.0,4/06/2016,2.0,2.0,514.0,59.0,-37.7683,145.0959
ID966151968,27 Andrew St,2,h,865000.0,12/08/2017,2.0,0.0,70.0,49.0,-37.85143,144.98574
ID684358409,5 Grange Rd,3,h,1650000.0,6/08/2016,1.0,2.0,875.0,7.0,-37.8815,145.0491
ID508029609,2a Flinders St,3,h,685000.0,26/07/2016,2.0,2.0,260.0,49.0,-37.7226,144.8569
ID604272280,431 George St,3,h,1250000.0,17/09/2016,1.0,1.0,113.0,129.0,-37.7966,144.9821
ID166840202,33 Charlton St,4,t,990000.0,3/06/2017,2.0,1.0,296.0,69.0,-37.8054,145.15701
ID743215012,25 Valencia St,2,h,1300000.0,8/10/2016,1.0,5.0,528.0,24.0,-37.7617,144.8987
ID292803301,160 Dalton Rd,3,h,550000.0,27/05/2017,1.0,2.0,551.0,44.0,-37.67646,145.03083999999996
ID163541363,42 Farm St,3,h,1151000.0,27/06/2016,1.0,5.0,571.0,99.0,-37.8417,144.8896
ID563175461,66 Champion St,4,h,3900000.0,22/05/2016,2.0,2.0,842.0,29.0,-37.9227,145.0043
ID848227265,2/16 Argyle St,2,u,535000.0,29/04/2017,1.0,1.0,1026.0,49.0,-37.911,145.0711
ID974682848,99 Newry St,2,h,1680000.0,24/06/2017,1.0,1.0,185.0,12.0,-37.7907,144.98163
ID401413519,4 Platypus Ct,5,h,1150000.0,10/09/2016,3.0,2.0,446.0,17.0,-37.7712,144.8763
ID360514779,38 Rourke La,2,h,732000.0,18/06/2016,2.0,1.0,94.0,17.0,-37.7934,144.9166
ID913517023,38 Gillard St,5,h,1410000.0,18/03/2017,2.0,1.0,824.0,69.0,-37.8535,145.1139
ID790184685,9 Pitt St,4,h,1950000.0,28/05/2016,2.0,2.0,844.0,79.0,-37.8715,145.0688
ID464578428,64 Glyndon Rd,4,h,3050000.0,3/06/2017,2.0,2.0,984.0,89.0,-37.84,145.07853
ID296292441,8/67 High St,2,u,700000.0,12/11/2016,1.0,1.0,0.0,131.0,-37.851,144.988
ID547868081,62A Williamstown Rd,2,h,735000.0,17/06/2017,1.0,1.0,170.0,79.0,-37.80635,144.8845
ID488538859,34 Ralph St,4,h,859000.0,22/07/2017,2.0,2.0,699.0,20.0,-37.78945,144.80062
ID351762333,5/29 Pine St,2,u,700000.0,3/12/2016,1.0,1.0,0.0,69.0,-37.9195,145.0067
ID688274670,6 Wicklow St,3,h,800000.0,13/05/2017,1.0,2.0,506.0,49.0,-37.7187,144.9433
ID777354282,14 Hutchinson St,3,h,998000.0,23/04/2016,1.0,2.0,104.0,19.0,-37.7723,144.9761
ID988137006,6 Collings Ct,2,h,810000.0,22/05/2016,1.0,1.0,783.0,69.0,-37.7196,144.9485
ID677278016,34 Ernest St,4,h,890000.0,12/11/2016,1.0,2.0,668.0,89.0,-37.7796,144.845
ID558344522,8 Echuca St,3,h,477000.0,3/09/2017,1.0,1.0,627.0,59.0,-37.667809999999996,144.93809
ID968786323,30 Mulkarra Dr,3,h,840000.0,3/06/2017,2.0,2.0,534.0,44.0,-38.04683,145.1261
ID705048629,46 Dunstan St,2,h,835000.0,4/03/2017,1.0,1.0,490.0,69.0,-37.7311,144.9863
ID661852733,10 Baird St,5,h,900000.0,12/08/2017,3.0,4.0,663.0,79.0,-37.70659000000001,144.97109
ID211013171,12 Barcelona St,4,h,1461400.0,17/09/2016,2.0,2.0,780.0,92.0,-37.8244,145.1319
ID310310192,1/46 Davies St,2,h,650000.0,29/07/2017,1.0,1.0,108.0,49.0,-37.75715,144.96823999999995
ID712323996,6/57 Adams St,2,u,747500.0,22/07/2017,1.0,1.0,0.0,11.0,-37.83564000000001,144.97728999999995
ID531547315,9 Brooke St,2,h,1255000.0,18/03/2017,1.0,2.0,314.0,19.0,-37.7762,145.003
ID559078435,96 Pentland Pde,3,h,1100000.0,9/09/2017,1.0,0.0,221.0,71.0,-37.81284,144.89158999999995
ID966400135,2/10 Military Rd,2,u,440000.0,18/03/2017,1.0,1.0,263.0,20.0,-37.7697,144.8657
ID922270242,1/37 Thornhill Dr,3,h,575000.0,24/06/2017,1.0,1.0,307.0,29.0,-37.72545,144.80397
ID939746295,67 McGregor St,3,h,2010000.0,3/06/2017,1.0,0.0,207.0,129.0,-37.853559999999995,144.96415
ID800746900,403/79 River St,2,u,850000.0,22/04/2017,2.0,2.0,17200.0,19.0,-37.8361,144.9966
ID505324130,35 Elizabeth St,3,h,1537000.0,25/02/2017,2.0,2.0,324.0,20.0,-37.9034,145.017
ID437938150,9 McLeod St,3,h,632000.0,27/05/2017,1.0,1.0,471.0,69.0,-37.76951,144.83309
ID177093560,1/569 Camberwell Rd,2,h,950000.0,4/06/2016,1.0,2.0,230.0,25.0,-37.8448,145.0723
ID368212447,7 Grieve St,4,h,2575000.0,10/09/2016,3.0,2.0,657.0,13.0,-37.7981,145.0904
ID632352776,117 Charles St,3,h,1255000.0,28/05/2016,1.0,1.0,231.0,109.0,-37.8467,144.9894
ID158495884,7/49 Bruce St,2,u,867000.0,8/04/2017,1.0,1.0,1087.0,16.0,-37.8373,145.0106
ID976600383,212 Reynard St,4,h,1075000.0,25/02/2017,1.0,4.0,531.0,94.0,-37.7473,144.9528
ID351762333,5/29 Pine St,2,u,700000.0,3/12/2016,1.0,1.0,0.0,69.0,-37.9195,145.0067
ID639973955,21 Princess St,4,h,1725000.0,27/06/2016,2.0,3.0,709.0,14.0,-37.8065,145.0287
ID642127626,21 Beattie St,3,h,806000.0,27/05/2017,1.0,0.0,396.0,64.0,-37.71665,145.11682
ID334572466,16 Bevis St,5,h,1800000.0,26/08/2017,3.0,3.0,697.0,59.0,-37.91865,145.05418
ID851493737,1 Cowes Pl,4,h,853000.0,15/07/2017,3.0,2.0,724.0,29.0,-37.70941,144.7873
ID417862600,332 Albion St,2,h,792000.0,12/11/2016,1.0,1.0,149.0,12.0,-37.7597,144.9528
ID973266162,4/10 Gladstone Pde,2,u,565000.0,12/08/2017,1.0,2.0,193.0,24.0,-37.70612,144.9144
ID791978693,81 Parsons St,3,h,1070000.0,27/05/2017,2.0,2.0,573.0,79.0,-37.791270000000004,144.83713
ID831382364,45 Kerferd St,4,h,1000000.0,17/09/2016,2.0,1.0,381.0,81.0,-37.7337,144.9548
ID612926195,16/89 Neerim Rd,2,t,636500.0,22/05/2016,1.0,1.0,0.0,49.0,-37.8866,145.0396
ID505868435,12 Mell St,2,h,1900000.0,25/02/2017,2.0,0.0,218.0,14.0,-37.847,145.0064
ID486607840,16 Smith St,3,h,772000.0,15/10/2016,1.0,1.0,367.0,69.0,-37.728,144.963
ID378369633,5/80 Burke Rd,1,u,315000.0,27/11/2016,1.0,1.0,0.0,79.0,-37.8704,145.0495
ID151197936,52a Deakin St,3,u,840000.0,4/03/2017,2.0,1.0,282.0,39.0,-37.7491,144.8917
ID953131047,8 Garton St,2,h,1080000.0,12/11/2016,1.0,0.0,105.0,109.0,-37.8338,144.9474
ID695309250,56 The Grove,6,h,1900000.0,10/12/2016,2.0,2.0,1060.0,59.0,-37.7523,144.9725
ID967302040,18 Mervin St,2,h,1410000.0,3/09/2016,1.0,2.0,768.0,51.0,-37.9305,145.0547
ID802397576,30 Kinsale St,3,h,851500.0,22/08/2016,1.0,1.0,0.0,89.0,-37.7217,144.9954
ID976746642,147 Derby St,3,h,806000.0,8/04/2017,1.0,1.0,488.0,49.0,-37.7253,144.9467
ID553338276,89 McMahon Rd,3,h,620000.0,27/11/2016,1.0,2.0,653.0,59.0,-37.7108,145.0156
ID974944813,38 Daisy St,3,h,1040000.0,12/08/2017,1.0,1.0,756.0,58.0,-37.82909,145.233
ID148890292,10 Beryl St,3,h,1245000.0,7/05/2016,1.0,1.0,64.0,6.0,-37.7494,144.8848
ID681871916,10 Beaumont St,3,h,1935000.0,26/08/2017,2.0,2.0,449.0,104.0,-37.82359,145.0693
ID488557804,37/12 Copelen St,2,t,1050000.0,17/06/2017,1.0,1.0,0.0,19.0,-37.83543,144.99907
ID275409645,31 Mill St,4,h,1150000.0,27/05/2017,2.0,2.0,599.0,19.0,-38.01468,145.09788999999995
ID292506054,8 Sherwood St,3,h,630000.0,3/12/2016,1.0,1.0,604.0,49.0,-37.7124,144.9514
ID490292670,11 Duffy St,3,h,1320000.0,14/05/2016,1.0,1.0,766.0,49.0,-37.7388,144.9006
ID185681484,36 Meek St,3,h,2140000.0,8/04/2017,2.0,2.0,393.0,139.0,-37.902,144.9922
ID176045104,125 Bignell Rd,3,h,1410000.0,24/06/2017,2.0,3.0,722.0,59.0,-37.93179,145.06957
ID407314155,52a Tucker Rd,2,u,725000.0,29/04/2017,1.0,1.0,0.0,13.0,-37.9296,145.0498
ID483032465,26/69 Wellington St,1,u,459000.0,8/10/2016,1.0,1.0,0.0,24.0,-37.8568,144.9873
ID357778120,31a Winter St,3,h,2300000.0,30/07/2016,2.0,2.0,313.0,99.0,-37.8603,145.0322
ID892086986,7 Stanley St,4,h,3225000.0,27/05/2017,3.0,3.0,803.0,39.0,-37.9146,145.00535
ID704453785,25 Wilson St,4,h,1505000.0,25/02/2017,2.0,2.0,441.0,109.0,-37.7627,144.9278
ID929820275,50 Carlisle Rd,5,h,1100000.0,17/06/2017,3.0,2.0,836.0,18.0,-37.8801,145.26011
ID594665981,14 Bossington St,3,h,981000.0,3/12/2016,1.0,2.0,646.0,24.0,-37.9167,145.0855
ID945345595,18 Penderel Wy,4,h,1580000.0,12/08/2017,2.0,2.0,773.0,21.0,-37.76207,145.09336000000005
ID436917822,14/378 Dandenong Rd,2,u,742500.0,29/04/2017,2.0,1.0,0.0,8.0,-37.8607,145.0116
ID443276920,19 MacLean St,4,h,1300000.0,27/06/2016,2.0,2.0,369.0,39.0,-37.8576,144.8992
ID423433928,6 Addison St,4,h,1810000.0,1/07/2017,2.0,2.0,431.0,125.0,-37.77019,144.92691000000005
ID311076280,4/12 Victoria Av,2,h,480000.0,8/07/2017,1.0,1.0,72.0,13.0,-37.81477,145.18867
ID964461688,60 Kent Rd,2,h,741000.0,7/11/2016,1.0,2.0,520.0,13.0,-37.7204,144.9446
ID901388789,18 Pullar St,2,h,472500.0,20/05/2017,1.0,0.0,315.0,29.0,-37.7835,144.8723
ID875379295,24 Henry St,4,h,2042000.0,27/05/2017,1.0,0.0,566.0,114.0,-37.77294000000001,144.9957
ID281928198,288 Barkly St,3,h,1561000.0,25/02/2017,2.0,0.0,218.0,59.0,-37.8758,144.9798
ID192402581,72 Arnold Dr,4,h,1040000.0,22/07/2017,2.0,2.0,1134.0,49.0,-37.89496,145.23404
ID873086985,9 Vine Gr,2,h,1630000.0,22/07/2017,1.0,1.0,618.0,44.0,-37.89347,145.04772
ID690026380,994 Waverley Rd,5,h,1090000.0,15/07/2017,2.0,2.0,698.0,41.0,-37.8921,145.19118
ID512662921,52 Evans St,3,h,1650000.0,18/03/2017,1.0,2.0,495.0,99.0,-37.7702,144.9672
ID820466229,35 Birkenhead St,2,h,1290000.0,18/03/2017,1.0,0.0,136.0,129.0,-37.7819,144.9824
ID343355494,2 Esther St,2,h,860000.0,27/06/2016,2.0,1.0,415.0,94.0,-37.7481,145.0017
ID760153090,23 Thurloo St,3,h,1000000.0,6/08/2016,1.0,2.0,606.0,13.0,-37.8784,145.0958
ID492702387,122 Emmaline St,2,h,1020000.0,10/09/2016,1.0,2.0,347.0,84.0,-37.76300000000001,144.9886
ID974232042,108 Mason St,4,t,820000.0,27/06/2016,2.0,2.0,753.0,13.0,-37.8413,144.8741
ID912642190,27 Vauxhall Rd,4,h,1900000.0,28/05/2016,2.0,1.0,537.0,80.0,-37.7763,145.0117
ID974590806,105/18 Bent St,2,u,730000.0,17/06/2017,2.0,1.0,2135.0,9.0,-37.795609999999996,144.93499
ID886535058,8 Vickery St,4,h,3600000.0,24/06/2017,3.0,2.0,552.0,4.0,-37.87421,145.04958
ID834480853,4 Muriel St,2,h,1007000.0,27/06/2016,1.0,1.0,646.0,69.0,-37.7433,144.891
ID730008385,3/8 Forest St,2,u,560000.0,12/08/2017,1.0,1.0,0.0,44.0,-37.79627,144.99229
ID922860619,11/48 Princess St,2,u,590000.0,15/10/2016,1.0,1.0,0.0,44.0,-37.805,145.0294
ID353573239,10 Talbot Av,3,h,1140000.0,3/09/2017,1.0,4.0,697.0,79.0,-37.92021,145.10442
ID716538223,2/442 Bluff Rd,2,u,800000.0,25/02/2017,1.0,2.0,282.0,32.0,-37.9444,145.0231
ID184022750,105 Fyffe St,3,h,1110000.0,22/07/2017,1.0,0.0,396.0,89.0,-37.75358,144.98533999999995
ID907550574,25 Leane Dr,4,h,977500.0,17/06/2017,2.0,3.0,1004.0,34.0,-37.69999,145.1617
ID533215353,42 Kilmore Rd,3,h,775000.0,12/08/2017,2.0,4.0,1290.0,31.0,-37.48381,144.60052
ID793152939,12 Merricks St,3,h,575500.0,23/09/2017,1.0,3.0,580.0,49.0,-37.6798,144.90936000000005
ID613869323,147 Hilma St,3,h,560000.0,3/12/2016,1.0,3.0,582.0,49.0,-37.7906,144.7929
ID424899381,109 Powell St,3,h,1320000.0,4/03/2017,2.0,2.0,473.0,99.0,-37.8217,144.8842
ID743098103,15/2 Redan St,1,u,517500.0,1/07/2017,1.0,0.0,980.0,99.0,-37.85954,144.98869
ID365657420,13 Allendale Ct,3,h,520000.0,15/07/2017,1.0,1.0,631.0,59.0,-37.66004,144.92338
ID949413017,9/120 Sturt St,2,u,580000.0,13/05/2017,1.0,1.0,0.0,25.0,-37.8248,144.9667
ID720149171,12 Thomas St,3,h,1075000.0,4/06/2016,2.0,2.0,312.0,29.0,-37.9179,145.0232
ID192232671,2/25 El Nido Gr,2,t,707000.0,13/08/2016,1.0,1.0,144.0,19.0,-37.891999999999996,145.0482
ID723622944,21 Destination Dr,4,h,840500.0,24/06/2017,2.0,2.0,494.0,5.0,-37.61424,144.88705
ID223017694,54 Balmain St,2,h,1110000.0,24/09/2016,1.0,1.0,144.0,4.0,-37.8301,144.9927
ID598948018,1/96 Cooper St,4,t,970000.0,17/06/2017,2.0,2.0,0.0,16.0,-37.74541,144.89844
ID408744592,242 Mason St,3,h,870000.0,17/06/2017,1.0,4.0,559.0,69.0,-37.8399,144.86228
ID829109367,6/7 York St,1,u,360000.0,10/12/2016,1.0,1.0,0.0,54.0,-37.7652,144.9116
ID669558217,79 Blackshaws Rd,4,h,860000.0,10/09/2016,3.0,2.0,217.0,99.0,-37.8344,144.8764
ID665349660,967 Drummond St,4,h,2718000.0,11/03/2017,2.0,0.0,538.0,4.0,-37.7816,144.9714
ID664006871,5a Rosamond St,3,h,1475000.0,24/06/2017,2.0,1.0,147.0,15.0,-37.86997,144.9908
ID928099585,7 Portland Pl,4,h,1265000.0,15/07/2017,2.0,2.0,604.0,44.0,-38.01347,145.12675
ID159754060,315 Thompsons Rd,3,h,1290000.0,7/11/2016,1.0,2.0,900.0,59.0,-37.764,145.1097
ID489537566,707 Toorak Rd,4,h,3080000.0,26/08/2017,2.0,3.0,620.0,89.0,-37.84391,145.03376
ID279610376,1 Leonie Ct,3,t,1960000.0,16/09/2017,2.0,2.0,709.0,59.0,-37.91414,145.00527
ID400391315,63 Beauford St,4,h,1190000.0,26/08/2017,2.0,2.0,600.0,34.0,-37.9089,145.11236
ID163599469,54 Benkel Av,4,h,920000.0,16/09/2017,2.0,2.0,530.0,49.0,-37.965309999999995,145.08502
ID962730493,8/86 Queens Pde,3,t,775000.0,28/05/2016,2.0,2.0,0.0,121.0,-37.7918,144.9824
ID458710026,47 View St,3,h,1587000.0,20/05/2017,2.0,2.0,624.0,59.0,-37.8203,145.1105
ID935057174,4/13 Sylvester St,2,u,522000.0,8/10/2016,1.0,1.0,161.0,7.0,-37.7204,144.9131
ID557659225,178 Clarendon St,3,h,1430000.0,11/02/2017,1.0,3.0,705.0,49.0,-37.7611,145.0142
ID634994997,28 Papua St,2,h,701000.0,28/05/2016,1.0,2.0,762.0,49.0,-37.7112,145.0861
ID747294842,3/8 Ashted Rd,2,u,636000.0,19/11/2016,1.0,1.0,151.0,49.0,-37.8234,145.1235
ID147092579,144 Duke St,2,h,868000.0,7/11/2016,1.0,4.0,749.0,69.0,-37.7814,144.847
ID439994033,4/11 Spencer St,2,u,370000.0,28/08/2016,1.0,1.0,0.0,59.0,-37.7482,144.908
ID234107549,4/15 Stapley Cr,3,u,451500.0,15/07/2017,1.0,1.0,180.0,54.0,-37.83648,144.86296000000004
ID863230362,8 Grand Bvd,3,h,881100.0,12/08/2017,2.0,4.0,786.0,59.0,-37.72532,145.12488000000005
ID854816733,1 Daisy St,4,h,1360000.0,3/06/2017,2.0,1.0,267.0,3.0,-37.75472,144.92723
ID302614668,2 Augusta Av,4,h,650000.0,19/08/2017,2.0,4.0,688.0,49.0,-37.6714,144.95458
ID261241599,77 Dennis St,3,h,860000.0,7/05/2016,1.0,1.0,213.0,8.0,-37.766,145.0039
ID450323125,402/89 River St,2,u,801000.0,6/08/2016,2.0,1.0,0.0,19.0,-37.8361,144.9966
ID957008172,99 Christmas St,2,h,1575000.0,7/11/2016,1.0,3.0,607.0,74.0,-37.7668,145.0149
ID607618437,57 Newton St,3,h,866000.0,24/09/2016,1.0,2.0,569.0,49.0,-37.7313,145.0224
ID128062384,33 Carthy St,3,h,683000.0,4/06/2016,1.0,2.0,534.0,52.0,-37.8284,144.8355
ID589536326,3/44 Wave St,2,u,695500.0,3/06/2017,1.0,1.0,887.0,46.0,-37.88349,144.98699
ID570485154,4 Vincent St,3,h,1480000.0,7/11/2016,2.0,2.0,697.0,94.0,-37.9269,145.0274
ID878224083,373 Moreland Rd,2,t,770000.0,26/08/2017,1.0,1.0,600.0,49.0,-37.75356,144.9497
ID521910881,37 Epsom Rd,3,h,1050000.0,26/07/2016,1.0,3.0,536.0,9.0,-37.7728,144.9076
ID838837036,11 Maureen St,3,h,944000.0,1/07/2017,1.0,1.0,446.0,59.0,-37.86071,145.1278
ID423055876,403/120 Greville St,2,u,712500.0,28/05/2016,2.0,1.0,0.0,129.0,-37.8493,144.9908
ID747120896,42 Glenair St,3,h,982000.0,18/06/2016,2.0,2.0,652.0,59.0,-37.7629,145.1157
ID895415693,9 Bond St,3,h,735000.0,8/07/2017,1.0,1.0,626.0,69.0,-37.71425,144.95013
ID317677052,41 Bossington St,3,t,800000.0,24/09/2016,1.0,2.0,252.0,69.0,-37.9167,145.0879
ID227680936,17 Ardwick St,3,h,1532000.0,9/09/2017,1.0,2.0,628.0,69.0,-37.92716,145.03778
ID511512536,13/37 Murray Rd,2,h,695000.0,17/06/2017,1.0,1.0,126.0,49.0,-37.90552,145.03087
ID301784782,11 Elphinstone St,3,h,820000.0,12/11/2016,1.0,3.0,440.0,69.0,-37.7937,144.8732
ID303921273,10/38 Kensington Rd,1,u,555000.0,29/07/2017,1.0,1.0,0.0,54.0,-37.83631,145.00181
ID791918354,18 Patricia St,3,h,1020000.0,27/11/2016,1.0,2.0,596.0,59.0,-37.9251,145.0771
ID806597798,24 Kerferd Pl,3,h,1800000.0,10/09/2016,2.0,1.0,90.0,119.0,-37.8421,144.9571
ID876153280,3/30 Shaftsbury St,2,u,451000.0,24/09/2016,1.0,1.0,0.0,49.0,-37.751999999999995,144.954
ID810426918,4/4 St Johns Pde,2,u,610000.0,7/11/2016,1.0,1.0,0.0,59.0,-37.8092,145.0366
ID254059157,3/25 Holloway St,3,u,822500.0,12/11/2016,2.0,3.0,0.0,49.0,-37.9018,145.0477
ID795845607,4/32 Montgomery St,3,u,720000.0,12/08/2017,1.0,1.0,146.0,89.0,-37.75132,145.05331
ID574127291,12 Williamstown Rd,4,h,925000.0,19/11/2016,2.0,1.0,276.0,71.0,-37.8039,144.8849
ID320015550,7 Whitmuir Rd,3,h,1230000.0,25/02/2017,1.0,2.0,676.0,93.0,-37.9161,145.0284
ID482225851,11/368 Dryburgh St,1,u,358000.0,27/11/2016,1.0,1.0,649.0,49.0,-37.7971,144.9448
ID214238175,22 Milliara Gr,8,h,1880000.0,13/05/2017,3.0,3.0,614.0,94.0,-37.9097,145.0161
ID816542929,1/125 Glen Huntly Rd,2,u,630000.0,15/10/2016,1.0,1.0,0.0,59.0,-37.8828,144.9897
ID541982961,2/11 Howe St,2,u,740000.0,6/08/2016,1.0,1.0,161.0,39.0,-37.8955,145.07299999999995
ID933614838,3/71 Oxford St,3,h,950000.0,10/12/2016,2.0,1.0,224.0,8.0,-37.8364,144.8769
ID847913806,30/49 Head St,3,t,1600000.0,27/05/2017,2.0,4.0,0.0,39.0,-37.89168,144.99161999999995
ID340026012,20 Dunbar Ct,3,h,685000.0,3/09/2017,1.0,2.0,888.0,79.0,-37.66075,145.01133000000004
ID945267009,5 North St,3,h,815000.0,15/10/2016,1.0,1.0,0.0,14.0,-37.7333,144.9844
ID354779714,65 Linacre Rd,5,h,3470000.0,12/11/2016,3.0,4.0,670.0,11.0,-37.9427,145.0085
ID981457791,35 Finningley Dr,3,h,695000.0,27/05/2017,1.0,2.0,676.0,39.0,-37.69636,144.88265
ID320395206,13 Delma St,3,h,1510000.0,29/04/2017,1.0,2.0,689.0,49.0,-37.9317,145.0524
ID262936159,16 Reading Cl,3,h,537000.0,15/07/2017,2.0,2.0,640.0,25.0,-37.63799,144.92924
ID576408728,2A Erica St,2,h,1800000.0,27/11/2016,1.0,3.0,716.0,24.0,-37.8213,145.079
ID570684009,9 South Rd,3,h,961000.0,1/07/2017,1.0,2.0,717.0,69.0,-37.72274,144.88002
ID528272378,85 Richardson St,2,h,1455000.0,3/09/2016,1.0,0.0,159.0,119.0,-37.845,144.9538
ID944151932,17 Morang Rd,3,h,3120000.0,28/08/2016,1.0,4.0,677.0,19.0,-37.8224,145.0243
ID382768019,10 Tanami Ct,4,h,1401000.0,6/08/2016,2.0,2.0,617.0,69.0,-37.7582,145.0889
ID700316263,10/18 Tulloch Gr,3,t,655000.0,17/06/2017,2.0,2.0,0.0,17.0,-37.89873,145.15072
ID732494119,22 Alfred St,3,h,1080000.0,18/03/2017,1.0,0.0,234.0,119.0,-37.8051,144.8858
ID368025485,1 Montana St,4,h,2300000.0,6/08/2016,3.0,4.0,1258.0,78.0,-37.8552,145.082
ID937651277,6 Blenheim St,3,h,1193000.0,18/06/2016,1.0,1.0,178.0,99.0,-37.8663,144.9948
ID568327760,130 Tennyson St,2,h,1001000.0,15/10/2016,1.0,2.0,244.0,104.0,-37.7543,144.9307
ID969414824,309 Waverley Rd,5,h,1450000.0,3/06/2017,2.0,2.0,728.0,18.0,-37.88409,145.12368999999995
ID674945070,70 Derinya Dr,4,h,1350000.0,23/09/2017,2.0,2.0,2716.0,59.0,-38.17488,145.1234
ID685132571,638 Hawthorn Rd,4,h,2000000.0,12/08/2017,2.0,2.0,619.0,111.0,-37.90344,145.01856
ID730847490,86 Grieve Pde,3,h,913000.0,3/09/2017,2.0,3.0,530.0,34.0,-37.8614,144.81931
ID177542026,25 Connie St,5,h,950000.0,7/05/2016,2.0,4.0,618.0,69.0,-37.9209,145.0757
ID835349905,94 McConnell St,2,h,1031000.0,8/10/2016,1.0,1.0,163.0,119.0,-37.7929,144.9287
ID142967361,13 Norville St,3,h,1165000.0,12/11/2016,1.0,1.0,732.0,10.0,-37.9334,145.0667
ID356656446,65 Victoria St,2,h,930000.0,6/05/2017,1.0,0.0,275.0,99.0,-37.7424,144.9576
ID223473724,1/2 Dakara Cl,3,u,420000.0,22/07/2017,1.0,1.0,658.0,29.0,-37.64821,144.92526999999995
ID572629163,124 Yarra St,3,h,1876000.0,7/05/2016,2.0,0.0,245.0,109.0,-37.8024,144.9993
ID488681797,13 Horsley St,2,h,910000.0,22/08/2016,1.0,2.0,274.0,49.0,-37.9178,145.0413
ID551305741,14 Finlay St,4,h,1028000.0,25/02/2017,2.0,2.0,431.0,99.0,-37.8186,144.8764
ID242954421,4/25 Jackson St,2,u,400000.0,14/05/2016,1.0,1.0,0.0,49.0,-37.8619,144.976
ID620038429,1 Melva St,4,h,1515000.0,6/05/2017,3.0,2.0,635.0,69.0,-37.9107,145.0745
ID394339725,18 Ash Gr,4,t,1600000.0,3/12/2016,3.0,2.0,812.0,59.0,-37.8864,145.0326
ID705204618,77 Merrett Dr,3,h,1031000.0,26/08/2017,2.0,2.0,333.0,24.0,-37.85927,144.87904
ID479575643,5 Nicholson St,4,h,2920000.0,16/04/2016,3.0,3.0,726.0,49.0,-37.8239,145.0553
ID363952189,21 Henry St,4,t,807000.0,22/05/2016,2.0,2.0,319.0,49.0,-37.7393,144.8648
ID314208552,8 Hodgson Tce,3,h,1205000.0,12/11/2016,1.0,0.0,164.0,119.0,-37.8198,144.9979
ID591000983,3/915 Dandenong Rd,2,t,500000.0,30/07/2016,1.0,1.0,50.0,69.0,-37.8767,145.0469
ID946910393,92A Brees Rd,3,t,660000.0,27/11/2016,2.0,1.0,265.0,39.0,-37.7444,144.8763
ID702806930,2/2 Comeram Ct,2,u,460000.0,1/07/2017,1.0,1.0,241.0,19.0,-37.672309999999996,145.05878
ID876842965,6 Magnolia St,2,h,1280000.0,3/06/2017,1.0,0.0,1670.0,3.0,-37.839,145.22143
ID885734927,1051 North Rd,2,h,677500.0,30/07/2016,1.0,4.0,575.0,69.0,-37.9084,145.0775
ID282473662,5/94 Beach Rd,2,u,525000.0,17/06/2017,1.0,1.0,723.0,39.0,-37.991209999999995,145.06458
ID541722561,3 Diosma Ct,3,h,1155000.0,26/08/2017,2.0,2.0,2405.0,39.0,-38.16457,145.12421
ID509489834,30 Abbott St,5,h,1550000.0,28/05/2016,2.0,0.0,942.0,39.0,-37.7923,145.1029
ID934703459,146 Cornwall Rd,3,h,590000.0,16/07/2016,1.0,1.0,438.0,69.0,-37.7804,144.8425
ID343161363,39 McIlwrick St,4,h,2050000.0,4/03/2017,2.0,1.0,321.0,26.0,-37.8559,144.9948
ID131681232,9/99 Melbourne Rd,2,u,412000.0,25/02/2017,1.0,1.0,0.0,39.0,-37.8586,144.8937
ID431906655,3 Sansom St,4,h,521000.0,1/07/2017,2.0,2.0,978.0,39.0,-37.49642,144.60119
ID777082721,268d Mason St,4,t,847500.0,27/06/2016,3.0,1.0,252.0,59.0,-37.8393,144.8568
ID999593379,76 Daley St,2,h,605000.0,16/09/2017,1.0,6.0,589.0,39.0,-37.69708,144.92967
ID803102605,111 Carpenter St,6,h,2700000.0,4/06/2016,3.0,3.0,0.0,49.0,-37.9081,145.0015
ID612429580,53/39 Dorcas St,3,u,680000.0,22/04/2017,2.0,2.0,0.0,16.0,-37.8309,144.9686
ID758430586,121 Murray Rd,4,h,830000.0,3/06/2017,1.0,2.0,540.0,54.0,-37.73935,145.01516999999996
ID676402556,460 Bell St,2,h,630000.0,29/04/2017,1.0,1.0,319.0,64.0,-37.7442,144.9958
ID640527857,22 Strang St,3,h,555500.0,3/06/2017,2.0,1.0,557.0,48.0,-37.87498,144.69617
ID607022980,12 Havelock St,4,h,1782800.0,10/12/2016,2.0,2.0,804.0,17.0,-37.8516,145.1179
ID300461878,22 Glass St,3,h,1301000.0,3/06/2017,1.0,1.0,163.0,29.0,-37.82434,145.00489
ID300553157,25 Smith St,2,h,1316000.0,18/03/2017,1.0,0.0,215.0,111.0,-37.869,144.9826
ID172092290,4/74 Rutherglen Cr,4,h,635000.0,3/09/2017,2.0,2.0,2679.0,14.0,-37.70207,144.89805
ID719374508,8 Kennedy Pde,4,h,465000.0,26/08/2017,2.0,1.0,417.0,20.0,-37.62273,144.92567
ID794206211,19 Warringal St,4,h,1280000.0,11/03/2017,1.0,2.0,732.0,34.0,-37.7615,145.0897
ID899167410,26 Talbot St,2,h,860000.0,22/08/2016,1.0,0.0,153.0,129.0,-37.7657,144.9574
ID699905436,3 Roper Ct,5,h,805000.0,3/06/2017,2.0,2.0,705.0,29.0,-37.69403,144.79418
ID222643563,1 Dorset St,3,h,1070000.0,8/07/2017,2.0,1.0,839.0,49.0,-37.89813,145.14652
ID208657324,31 Napoleon St,3,h,860000.0,26/07/2016,1.0,2.0,501.0,59.0,-37.7912,144.868
ID485225695,52 Ellsworth Cr,3,t,1280000.0,29/07/2017,2.0,2.0,186.0,5.0,-37.841429999999995,145.08705
ID135829255,3/34 Faversham Rd,3,t,1843000.0,27/06/2016,2.0,2.0,0.0,24.0,-37.8207,145.0854
ID509688205,319/350 Victoria St,2,u,645000.0,7/05/2016,1.0,1.0,0.0,59.0,-37.8055,144.9547
ID348812298,1 Centurion Ct,3,h,600000.0,15/07/2017,1.0,2.0,524.0,49.0,-37.64273,145.03751
ID961913876,641 Inkerman Rd,2,h,1417500.0,27/05/2017,1.0,2.0,307.0,119.0,-37.86906,145.01986000000005
ID585524203,10/4 Poets Gr,1,u,350000.0,8/07/2017,1.0,0.0,0.0,59.0,-37.88111,144.99053999999995
ID600947115,2/4 Collins St,3,u,775000.0,17/09/2016,1.0,1.0,211.0,39.0,-37.8275,145.1232
ID602009963,40 Florence St,4,h,1520000.0,13/05/2017,2.0,3.0,560.0,69.0,-37.8559,144.8764
ID467243283,5 Field St,3,u,1110000.0,16/07/2016,2.0,1.0,299.0,3.0,-37.8891,145.0294
ID688537732,45 Rosedale Rd,4,h,2000000.0,28/08/2016,2.0,4.0,401.0,44.0,-37.8583,145.0726
ID376829526,2/7 Oak St,3,u,660000.0,3/06/2017,1.0,1.0,234.0,24.0,-37.73506,145.03169
ID495266914,18 William St,4,h,1270000.0,28/05/2016,1.0,1.0,352.0,129.0,-37.8059,144.8899
ID207798322,8/2 Douglas St,1,u,462800.0,8/10/2016,1.0,1.0,0.0,49.0,-37.8392,145.00799999999995
ID253736179,173 Raglan St,5,h,1350000.0,24/06/2017,3.0,4.0,525.0,5.0,-37.750170000000004,145.01203999999996
ID383185218,14 Clarence St,2,h,1000000.0,8/07/2017,1.0,0.0,132.0,8.0,-37.78696,144.92556000000005
ID585156257,6 Murumba St,4,h,865000.0,16/09/2017,2.0,2.0,734.0,39.0,-37.6929,145.1272
ID972395590,1/27 Pearl St,3,t,715000.0,27/05/2017,1.0,1.0,178.0,19.0,-37.74731,144.88826
ID577491945,6/17 Pach Rd,3,h,778000.0,8/07/2017,2.0,2.0,306.0,7.0,-37.85605,145.24496000000005
ID658127356,13 Bowen St,2,h,1400000.0,3/09/2017,1.0,0.0,212.0,119.0,-37.85491,145.00373000000005
ID563443341,6/542 Upper Heidelberg Rd,2,u,585000.0,6/08/2016,2.0,1.0,0.0,7.0,-37.7506,145.0574
ID520442647,15 Ada St,4,h,1005800.0,17/06/2017,2.0,2.0,502.0,16.0,-37.92985,145.25184
ID129381292,4/57 Chapel St,1,u,480000.0,27/05/2017,1.0,1.0,0.0,89.0,-37.86305,144.9911
ID971710361,134 Chirnside St,3,h,1155000.0,4/06/2016,2.0,2.0,269.0,104.0,-37.8108,144.8819
ID147974415,3 Mell St,5,h,2170000.0,17/09/2016,1.0,0.0,333.0,49.0,-37.8474,145.0063
ID621433147,22 Bayley Gr,4,h,1880000.0,29/04/2017,2.0,2.0,814.0,54.0,-37.7859,145.12
ID954313434,60 Station St,3,h,1550000.0,1/07/2017,2.0,0.0,478.0,3.0,-37.78022,145.01771000000005
ID191576190,14 Chalmers La,3,h,900000.0,3/12/2016,2.0,2.0,194.0,9.0,-37.8395,144.8787
ID922023722,4 Ida St,3,h,1100000.0,27/06/2016,1.0,1.0,655.0,69.0,-37.7459,144.8906
ID695175475,152 Middleborough Rd,4,h,1100000.0,16/09/2017,3.0,2.0,592.0,2.0,-37.843070000000004,145.13419
ID134292137,7/517 Royal Pde,3,t,850000.0,17/06/2017,1.0,1.0,2429.0,49.0,-37.78033,144.95949
ID791708558,13 McKinley Dr,3,h,460000.0,29/07/2017,2.0,3.0,266.0,19.0,-37.63544,144.93274
ID694591318,6 Brigden Ct,3,h,663500.0,3/06/2017,2.0,1.0,991.0,104.0,-37.65887,145.06253999999996
ID623273402,37 Roxburgh St,3,h,1306000.0,15/07/2017,1.0,0.0,199.0,119.0,-37.77561,144.91695
ID820357084,674 Victoria St,2,h,1266000.0,19/11/2016,1.0,0.0,161.0,59.0,-37.8043,144.9437
ID719566253,78a Allison Rd,2,h,900000.0,15/10/2016,1.0,1.0,198.0,139.0,-37.8824,145.0133
ID307166977,15 Faye St,4,h,1130000.0,27/11/2016,1.0,2.0,638.0,47.0,-37.9378,145.05700000000004
ID246534037,164 Gower St,4,h,900000.0,3/09/2016,2.0,1.0,530.0,79.0,-37.7416,145.016
ID790851892,7 Weigall St,3,h,1500000.0,22/04/2017,1.0,3.0,446.0,79.0,-37.7682,144.9835
ID176991614,3/9 Cormac St,2,t,660000.0,18/03/2017,1.0,1.0,113.0,6.0,-37.7479,145.0153
ID548685224,16/384 Toorak Rd,2,u,550000.0,14/05/2016,1.0,1.0,0.0,49.0,-37.8406,145.0035
ID111893712,16 Riverview Rd,3,h,1890000.0,19/08/2017,2.0,1.0,632.0,79.0,-37.79094,145.07899
ID733544123,86 Prospect Dr,3,h,690000.0,8/10/2016,2.0,2.0,568.0,49.0,-37.7469,144.8526
ID316228636,10 Fenacre St,4,h,1220000.0,22/07/2017,1.0,2.0,750.0,59.0,-37.730509999999995,144.91731000000001
ID747925760,67/337 Station St,2,u,510000.0,27/06/2016,1.0,1.0,0.0,49.0,-37.7634,145.02100000000004
ID864134172,61 Willis St,3,h,829000.0,28/05/2016,2.0,2.0,84.0,13.0,-37.7935,144.9187
ID742352025,17 Irilbarra Rd,4,h,3400000.0,19/11/2016,1.0,4.0,845.0,11.0,-37.8184,145.0702
ID320044014,46 Meredith St,3,h,1335000.0,19/08/2017,1.0,1.0,697.0,39.0,-37.6882,144.92541
ID472700014,1 Alma St,4,h,1436000.0,3/09/2017,3.0,3.0,511.0,97.0,-37.75788,144.90487
ID509414534,66 Roseberry St,3,h,1865000.0,4/03/2017,2.0,2.0,431.0,69.0,-37.8269,145.0496
ID812553606,42 View St,4,h,2200000.0,13/08/2016,2.0,2.0,931.0,89.0,-37.8226,145.1103
ID862084266,110 Baroda St,4,h,1562000.0,15/10/2016,2.0,1.0,621.0,119.0,-37.7778,144.9346
ID877599955,30 Petrie St,3,h,938000.0,3/09/2017,1.0,1.0,972.0,69.0,-38.139540000000004,145.13086
ID615785905,2/212 Roden St,2,t,1055000.0,8/10/2016,1.0,1.0,0.0,10.0,-37.8094,144.9452
ID322401321,3 Waratah Dr,4,h,1201000.0,3/09/2016,2.0,2.0,657.0,41.0,-37.7624,145.1175
ID390474301,311/13 Wellington St,2,u,470000.0,26/07/2016,1.0,1.0,0.0,139.0,-37.8562,144.9844
ID392251250,27 Holloway Cl,3,h,455000.0,17/06/2017,1.0,6.0,639.0,29.0,-37.562909999999995,144.72848
ID895939380,219 Glenlyon Rd,3,h,1330000.0,8/07/2017,2.0,1.0,161.0,129.0,-37.772890000000004,144.97503
ID260674608,313 Millers Rd,4,h,805000.0,22/07/2017,2.0,5.0,562.0,69.0,-37.84384,144.84637
ID736362334,9 Noble Ct,3,t,615000.0,22/07/2017,2.0,1.0,358.0,20.0,-37.79573,144.79311
ID841694740,12 Winston St,3,h,930000.0,29/04/2017,1.0,2.0,660.0,64.0,-37.7851,144.8654
ID251793360,131 Lord St,4,h,3335000.0,3/12/2016,2.0,2.0,319.0,126.0,-37.8244,145.0044
ID318476665,16 Leigh St,3,h,899000.0,10/09/2016,1.0,1.0,583.0,59.0,-37.9312,145.0795
ID439645423,22A Mernda Av,3,h,1508000.0,16/09/2017,2.0,2.0,338.0,8.0,-37.89235,145.04953999999995
ID171399103,12/66 Riddell Pde,2,u,626000.0,17/09/2016,1.0,1.0,1764.0,89.0,-37.8889,145.0043
ID880448472,26 Bardia St,2,h,735000.0,22/07/2017,1.0,4.0,600.0,69.0,-37.74798,145.03765
ID382302570,10 Plover Cl,3,h,634000.0,23/09/2017,1.0,1.0,586.0,59.0,-38.14738,145.16653
ID873626020,398 Wattletree Rd,3,h,1750000.0,22/08/2016,1.0,2.0,562.0,21.0,-37.8657,145.0536
ID537688387,11 Somers St,4,h,1450000.0,12/11/2016,1.0,1.0,567.0,14.0,-37.9149,145.0252
ID521361075,2/67 Staughton Rd,3,h,1375000.0,15/10/2016,2.0,2.0,328.0,29.0,-37.8529,145.0605
ID657869602,7/28 Elm St,1,u,395000.0,1/07/2017,1.0,1.0,910.0,9.0,-37.81333,145.01932
ID214256352,19 Cynga St,3,h,920000.0,27/05/2017,1.0,2.0,693.0,69.0,-37.74528,145.01987
ID796937558,39 Elizabeth St,3,h,930000.0,10/09/2016,1.0,1.0,307.0,99.0,-37.8389,144.8779
ID426605908,38 Warwick Rd,2,h,435000.0,6/08/2016,1.0,4.0,343.0,59.0,-37.7689,144.8402
ID841694740,12 Winston St,3,h,930000.0,29/04/2017,1.0,2.0,660.0,64.0,-37.7851,144.8654
ID831089777,15 Avelin St,4,h,1800000.0,28/05/2016,2.0,1.0,667.0,84.0,-37.9315,145.0109
ID290802792,24 Swallow St,3,h,455000.0,12/08/2017,1.0,1.0,610.0,39.0,-37.88632,144.67582
ID740350985,28 Alfred Rd,4,h,1800000.0,3/12/2016,2.0,2.0,868.0,89.0,-37.8522,145.0893
ID455906372,12 Manfred St,3,h,792000.0,16/09/2017,1.0,2.0,571.0,59.0,-37.71502,145.08844
ID683082263,6/91 Warrigal Rd,3,u,1050000.0,29/07/2017,2.0,2.0,0.0,49.0,-37.83358,145.09884
ID836303632,13 Smith Rd,3,h,2177000.0,22/08/2016,1.0,2.0,635.0,99.0,-37.8454,145.0707
ID711389570,19 Tovey St,4,h,770000.0,8/04/2017,3.0,3.0,697.0,49.0,-37.701,144.9993
ID562225801,4/95 Wilson St,2,u,760000.0,25/02/2017,1.0,2.0,0.0,19.0,-37.914,145.003
ID995858774,27 Gaudion Rd,6,h,1655000.0,29/07/2017,3.0,2.0,692.0,54.0,-37.7746,145.15141
ID665188505,5 Glenice St,3,h,740000.0,27/05/2017,1.0,3.0,580.0,57.0,-37.71536,145.10205
ID693259584,72 Sutherland St,3,h,740000.0,20/05/2017,1.0,4.0,605.0,59.0,-37.705999999999996,144.9467
ID589059620,40 Winfield Rd,3,h,1480000.0,7/11/2016,1.0,2.0,992.0,29.0,-37.7977,145.1037
ID381185630,168 Mary St,4,h,2368000.0,3/09/2017,1.0,3.0,390.0,69.0,-37.82483,145.00111
ID270640654,14 Park Rd,3,h,1135000.0,25/02/2017,1.0,2.0,414.0,49.0,-37.8365,145.11
ID548743875,32 Rose St,2,h,901000.0,27/06/2016,1.0,1.0,545.0,79.0,-37.7445,144.9471
ID294414848,6 Gresford St,4,h,735000.0,16/04/2016,2.0,5.0,635.0,44.0,-37.7693,144.8351
ID374730354,4/59 Wilson St,2,u,850000.0,3/06/2017,1.0,2.0,0.0,49.0,-37.96021,145.05938
ID417862600,332 Albion St,2,h,792000.0,12/11/2016,1.0,1.0,149.0,12.0,-37.7597,144.9528
ID992186288,34 Martins La,3,h,870000.0,27/05/2017,2.0,2.0,291.0,19.0,-37.73253,145.0873
ID176906463,14 Eglinton St,2,h,1013000.0,15/10/2016,1.0,0.0,237.0,109.0,-37.769,144.91899999999995
ID903345515,4 Erica Ct,3,h,1006000.0,12/08/2017,1.0,0.0,758.0,64.0,-37.75315,145.04062
ID955134153,10 Cronin Ct,4,h,1138000.0,22/07/2017,2.0,1.0,536.0,39.0,-37.96768,145.07966000000005
ID872987074,21 Runnymede St,3,h,1460000.0,29/07/2017,1.0,2.0,660.0,54.0,-37.77859,145.15755
ID869429024,11 Evelyn Ct,4,h,970000.0,19/08/2017,2.0,2.0,364.0,24.0,-37.96853,145.12948
ID244921464,1/76 Scotsburn Av,3,u,810000.0,16/09/2017,1.0,2.0,340.0,64.0,-37.92559,145.10804
ID559745014,53 Scott Gr,2,h,731000.0,11/03/2017,1.0,0.0,640.0,19.0,-37.717,145.0312
ID686806673,2B Creek Pde,4,h,2270000.0,10/12/2016,2.0,2.0,440.0,27.0,-37.7852,144.9975
ID212644638,6/119 Anderson Rd,2,u,445000.0,29/04/2017,1.0,1.0,196.0,59.0,-37.6956,144.9656
ID665523637,15 Wattlebird Ct,4,h,1750000.0,9/09/2017,2.0,4.0,514.0,19.0,-37.84248,145.10181
ID273430077,52 Lyndhurst St,3,t,1236000.0,3/09/2016,2.0,1.0,675.0,119.0,-37.8206,145.0003
ID950011416,1/15 Cross Rd,2,u,639000.0,22/07/2017,1.0,2.0,278.0,39.0,-38.04602,145.1191
ID139815063,22 Nimmo St,4,h,1160000.0,10/09/2016,3.0,2.0,256.0,4.0,-37.7527,144.8957
ID312790411,87 Nicholson Pde,3,t,450000.0,4/06/2016,3.0,1.0,344.0,15.0,-37.7967,144.8083
ID634061432,403/19 Pentridge Bvd,2,u,470000.0,18/06/2016,2.0,1.0,0.0,49.0,-37.7379,144.9683
ID995695683,128 Widford St,3,h,710000.0,19/11/2016,1.0,1.0,796.0,59.0,-37.6955,144.9253
ID631071633,14 Sutherland St,3,h,716000.0,27/11/2016,1.0,2.0,594.0,29.0,-37.709,144.9483
ID792114836,312 Glenferrie Rd,4,h,4700000.0,14/05/2016,3.0,2.0,879.0,24.0,-37.8527,145.0301
ID536301844,2/277 Warrigal Rd,2,t,700000.0,27/05/2017,1.0,1.0,148.0,69.0,-37.847429999999996,145.09656999999999
ID429249240,10 Merryn Cl,3,h,680000.0,17/06/2017,1.0,1.0,539.0,49.0,-37.68274,145.05832
ID562878109,48/48 Eucalyptus Dr,2,u,349000.0,16/04/2016,1.0,1.0,0.0,8.0,-37.7795,144.8729
ID688908438,2/11 Howson St,2,u,640000.0,20/05/2017,1.0,1.0,559.0,49.0,-37.7707,144.9488
ID629919702,7/7 Old Plenty Rd,3,u,386000.0,1/07/2017,1.0,1.0,216.0,10.0,-37.644909999999996,145.09233
ID410405478,192 Murray Rd,3,h,821000.0,27/11/2016,1.0,2.0,396.0,14.0,-37.7385,145.0103
ID943927968,2/29 Maddox Rd,3,t,735000.0,16/04/2016,2.0,2.0,0.0,12.0,-37.8436,144.8691
ID939123107,13 Caroline St,3,h,1060000.0,7/11/2016,1.0,0.0,193.0,119.0,-37.7899,144.9984
ID824918845,133 Lennon Bvd,4,h,715000.0,12/08/2017,2.0,2.0,630.0,13.0,-37.898070000000004,144.73925
ID174195364,1/21 Nola St,3,u,735000.0,26/07/2016,1.0,1.0,302.0,17.0,-37.7809,145.1061
ID822264769,2/175 Blyth St,2,h,580000.0,4/03/2017,1.0,1.0,0.0,44.0,-37.7668,144.9765
ID505355434,26 Mount St,3,h,1226000.0,18/06/2016,1.0,4.0,707.0,6.0,-37.7413,144.9885
ID703066472,24 North Rd,4,h,4225000.0,8/04/2017,2.0,2.0,920.0,29.0,-37.8981,144.9902
ID328459807,24 Stymie St,5,h,1000000.0,11/02/2017,2.0,2.0,544.0,19.0,-37.7147,145.0296
ID273724111,16 Gavin St,3,h,537000.0,18/03/2017,1.0,2.0,600.0,44.0,-37.6876,144.9095
ID293362894,5/282 Barkly St,2,u,525500.0,18/03/2017,1.0,1.0,0.0,49.0,-37.8749,144.9799
ID765268675,2 McArthur St,4,h,1617000.0,24/09/2016,1.0,0.0,337.0,94.0,-37.8575,145.0392
ID992429819,167 Alexandra Pde,2,h,846000.0,8/04/2017,1.0,0.0,160.0,139.0,-37.7933,144.9824
ID638716850,3/49 Stenhouse Av,2,u,515000.0,8/07/2017,1.0,2.0,159.0,7.0,-37.82073,144.8447
ID512318890,5/155 Power St,2,u,445000.0,18/06/2016,1.0,1.0,0.0,59.0,-37.8249,145.026
ID388495431,23 Goodenia Cl,3,h,440000.0,8/07/2017,1.0,2.0,570.0,27.0,-37.647690000000004,144.91359
ID402738355,24 Lyell St,3,h,1250000.0,17/09/2016,2.0,1.0,108.0,129.0,-37.8363,144.9509
ID717680810,11 Inverloch St,3,h,1330000.0,27/11/2016,2.0,3.0,502.0,69.0,-37.7406,145.0155
ID887400177,2/31 Orange Gr,1,u,440000.0,29/04/2017,1.0,0.0,0.0,79.0,-37.8686,144.9969
ID138262418,30 Station St,3,h,1755000.0,4/02/2016,1.0,1.0,931.0,49.0,-37.854,145.1195
ID253736179,173 Raglan St,5,h,1350000.0,24/06/2017,3.0,4.0,525.0,5.0,-37.750170000000004,145.01203999999996
ID497476329,25 Faversham Rd,4,h,2510000.0,13/05/2017,3.0,2.0,789.0,99.0,-37.8214,145.0843
ID193346447,14 Venetian Ct,3,h,858000.0,16/09/2017,1.0,2.0,857.0,59.0,-37.802440000000004,145.29711
ID212719159,9/162 Clarke St,2,u,601000.0,10/09/2016,1.0,1.0,0.0,109.0,-37.7765,144.996
ID442050613,250 Ferrars St,1,h,855000.0,16/09/2017,1.0,0.0,67.0,119.0,-37.8343,144.95529
ID907355553,4/12 Judith St,2,u,360000.0,6/08/2016,1.0,1.0,0.0,49.0,-37.9032,145.0555
ID231814629,5 Cooloongatta Rd,3,h,1800000.0,16/04/2016,2.0,0.0,584.0,99.0,-37.8349,145.0758
ID137973399,101 Evell St,3,h,690000.0,13/05/2017,1.0,2.0,650.0,69.0,-37.699,144.9421
ID403544992,1/376 Neerim Rd,4,t,1201000.0,6/05/2017,2.0,2.0,273.0,19.0,-37.8898,145.0632
ID833884904,7 Londrew Ct,3,h,540000.0,26/08/2017,1.0,1.0,607.0,49.0,-37.69423,144.88002
ID222901398,1/584 Murray Rd,2,u,560000.0,29/04/2017,1.0,2.0,196.0,69.0,-37.7362,144.9885
ID731284125,6 Cliff St,2,h,1200000.0,27/06/2016,1.0,0.0,176.0,79.0,-37.8436,144.9925
ID631668498,56 Brewer Rd,4,h,1600000.0,3/06/2017,2.0,2.0,604.0,59.0,-37.92135,145.02917
ID617721447,76 Forrest St,3,h,700000.0,13/05/2017,1.0,2.0,697.0,49.0,-37.7841,144.8169
ID343707027,40 Anzac Av,5,h,790000.0,12/08/2017,2.0,2.0,1034.0,34.0,-37.638259999999995,145.1991
ID347694242,45 Fran St,3,h,588000.0,15/10/2016,1.0,1.0,616.0,59.0,-37.7029,144.9053
ID176965164,5/1 Clyde St,2,u,505000.0,10/09/2016,1.0,1.0,0.0,49.0,-37.7608,145.0059
ID757392027,50 Bridport St,2,h,2000000.0,16/04/2016,2.0,1.0,141.0,119.0,-37.8389,144.9612
ID951109977,15/67 Nicholson St,2,u,435000.0,13/05/2017,1.0,1.0,0.0,8.0,-37.7755,144.9786
ID901541671,26 South St,3,h,810000.0,4/03/2017,2.0,2.0,592.0,69.0,-37.7149,144.9473
ID579915249,132 Cornwall Rd,3,h,910000.0,25/02/2017,2.0,2.0,653.0,27.0,-37.7815,144.8423
ID750076465,9 Ryland St,3,h,841000.0,16/09/2017,1.0,3.0,533.0,59.0,-37.72631,144.96274
ID187332072,16 Drew St,3,h,935000.0,4/03/2017,1.0,2.0,662.0,8.0,-37.738,144.869
ID369642158,36 Belford Rd,4,h,1315000.0,17/09/2016,2.0,2.0,458.0,89.0,-37.7981,145.0472
ID429526534,16 Callanish Rd,3,h,2220000.0,27/11/2016,2.0,2.0,850.0,59.0,-37.8456,145.0865
ID316114982,8b William St,4,h,1140000.0,4/06/2016,2.0,1.0,318.0,4.0,-37.9443,145.0448
ID734017771,114 Reynard St,3,h,1064000.0,8/10/2016,2.0,1.0,417.0,79.0,-37.7478,144.9583
ID213021625,2 Docker St,3,h,1625000.0,17/09/2016,2.0,1.0,246.0,69.0,-37.8861,144.9877
ID348836423,248 Montague St,3,h,1650000.0,17/09/2016,2.0,0.0,204.0,129.0,-37.8357,144.9531
ID304698791,523 Waterdale Rd,3,h,480000.0,18/06/2016,1.0,1.0,338.0,39.0,-37.739000000000004,145.0481
ID221754870,11 Wunnamurra Dr,3,h,933000.0,16/09/2017,1.0,2.0,613.0,29.0,-37.7349,144.86225
ID570294898,6/28 Manningtree Rd,3,u,1975000.0,18/06/2016,2.0,1.0,0.0,9.0,-37.8235,145.029
ID804249428,2/13 Oxford St,2,u,572000.0,13/05/2017,1.0,1.0,0.0,5.0,-37.8219,145.1213
ID998529619,2/17 Vaynor St,3,u,800000.0,10/12/2016,2.0,1.0,0.0,7.0,-37.7452,144.8895
ID985261293,7 Charles St,3,h,607000.0,7/05/2016,1.0,2.0,575.0,59.0,-37.7748,144.833
ID363543142,12 Maud St,4,h,1755000.0,29/07/2017,2.0,2.0,605.0,81.0,-37.79466,145.06564
ID318378451,69 Hotham St,2,t,750000.0,3/09/2016,1.0,1.0,115.0,59.0,-37.7968,144.9891
ID517108853,17 Hirst St,3,h,1070000.0,15/07/2017,1.0,2.0,448.0,69.0,-37.82956,145.13868
ID386237028,2 Ibis St,4,h,1200000.0,12/11/2016,1.0,2.0,657.0,59.0,-37.7856,145.1374
ID785530184,2b York Rd,5,h,1650000.0,22/05/2016,2.0,2.0,400.0,59.0,-37.8572,145.0555
ID349174653,1/67 Milleara Rd,2,u,502000.0,22/05/2016,1.0,2.0,0.0,29.0,-37.7346,144.8646
ID548932054,118 Derby St,3,h,1950000.0,9/09/2017,1.0,3.0,706.0,28.0,-37.79793,145.03833999999995
ID236206083,10 Rhonda St,4,h,1340000.0,19/08/2017,2.0,2.0,800.0,49.0,-37.88859,145.13335
ID725107539,18 Watson St,4,h,2340000.0,13/05/2017,2.0,2.0,586.0,79.0,-37.8541,145.0738
ID939458959,1 Denman St,4,h,1500000.0,8/04/2017,2.0,1.0,459.0,49.0,-37.7548,144.9545
ID505142694,30 Barton St,5,t,1500000.0,17/06/2017,3.0,2.0,365.0,11.0,-37.778209999999994,145.1569
ID820533944,1/25 Murray Rd,3,u,820000.0,22/05/2016,2.0,1.0,238.0,21.0,-37.9062,145.02700000000004
ID376639821,7 Lisa Ct,4,h,472000.0,27/05/2017,2.0,2.0,546.0,29.0,-37.851459999999996,144.67109
ID251405795,1 Victoria St,2,h,592000.0,3/09/2016,1.0,2.0,577.0,119.0,-37.7137,144.9167
ID582824783,57 Guildford Rd,5,h,3625000.0,9/09/2017,3.0,2.0,1011.0,109.0,-37.821909999999995,145.09212
ID560529368,3/14 Arden Ct,3,t,1620000.0,25/02/2017,2.0,2.0,248.0,7.0,-37.7923,145.0595
ID124020865,8/232 Williamstown Rd,2,u,500000.0,12/08/2017,1.0,1.0,0.0,6.0,-37.813520000000004,144.88311000000004
ID350691659,33 Robyn Av,4,h,655000.0,15/07/2017,3.0,3.0,531.0,6.0,-37.74373,144.77567
ID911951379,13 Benbow St,3,h,1000000.0,3/09/2016,2.0,1.0,448.0,79.0,-37.8228,144.8799
ID921501006,3 Serica Ct,3,h,550000.0,17/06/2017,1.0,4.0,802.0,41.0,-37.72343,144.81411
ID845954798,74 Brown St,3,h,1340000.0,8/04/2017,2.0,0.0,600.0,52.0,-37.7523,145.0676
ID868509298,11 Bluegum Av,5,h,1591000.0,22/07/2017,3.0,3.0,923.0,109.0,-37.90213,145.18444
ID589112767,4/27 Roseberry St,2,u,440000.0,19/11/2016,1.0,1.0,0.0,49.0,-37.7749,144.9137
ID548391967,46A Schutt St,4,h,923000.0,12/08/2017,2.0,2.0,224.0,2.0,-37.83859,144.88128
ID831437842,27 Glen Dr,3,h,1816000.0,12/11/2016,1.0,2.0,846.0,64.0,-37.7666,145.0591
ID840831715,5A Elizabeth St,3,t,1010000.0,27/05/2017,1.0,2.0,309.0,34.0,-37.980090000000004,145.06118
ID898307783,10/28 Wattle Rd,2,u,430000.0,7/11/2016,1.0,1.0,1997.0,53.0,-37.8248,145.0282
ID335229963,612 Riversdale Rd,4,h,2750000.0,28/05/2016,3.0,1.0,0.0,107.0,-37.8325,145.0649
ID704983335,44 Garton St,4,t,2455000.0,26/08/2017,3.0,2.0,123.0,9.0,-37.83349000000001,144.9484
ID346316365,316/145 Roden St,1,u,295000.0,29/04/2017,1.0,1.0,0.0,6.0,-37.8084,144.9473
ID767675718,3 Dunster Ct,5,h,1015000.0,29/07/2017,2.0,2.0,836.0,27.0,-37.98873,145.27018999999999
ID818887509,12a View St,3,h,1850000.0,26/07/2016,2.0,2.0,361.0,24.0,-37.8206,145.0785
ID970647492,9 Berkeley Gr,4,h,2515000.0,3/09/2017,2.0,2.0,583.0,94.0,-37.90953,145.0155
ID495773625,53 Ronald St,3,h,735000.0,4/03/2017,1.0,1.0,427.0,9.0,-37.7303,144.9773
ID726378287,16 Tashinny Rd,3,h,1689000.0,4/03/2017,1.0,0.0,222.0,99.0,-37.8448,145.0055
ID897596584,10 Cowper St,4,h,1291000.0,8/04/2017,2.0,2.0,521.0,74.0,-37.7372,144.9022
ID511585267,10 Barilla Rd,3,t,935000.0,15/07/2017,2.0,2.0,280.0,34.0,-37.941109999999995,145.0431
ID226280635,5/19 Livingstone St,2,u,690000.0,15/10/2016,1.0,1.0,103.0,49.0,-37.7671,145.0408
ID983796157,7 Caddy Ct,3,h,585000.0,13/08/2016,1.0,3.0,620.0,7.0,-37.7293,145.032
ID695841364,18 Claude St,2,h,1035000.0,4/03/2017,1.0,0.0,140.0,99.0,-37.7709,144.9964
ID326551230,3 Lovely St,3,h,670000.0,3/12/2016,1.0,3.0,587.0,69.0,-37.7007,144.9632
ID375885674,134 John St,3,h,575500.0,8/10/2016,1.0,1.0,701.0,69.0,-37.6953,144.9397
ID782461149,13 Gowanbrae Dr,4,h,970000.0,29/04/2017,2.0,3.0,737.0,9.0,-37.7088,144.8938
ID166791454,33a Clara St,2,h,1500000.0,12/06/2016,1.0,2.0,141.0,49.0,-37.8408,144.9977
ID759152746,17 Vicars St,5,h,1951000.0,3/09/2017,3.0,3.0,711.0,59.0,-37.790659999999995,145.09004
ID680593610,4 Ryan Gr,4,h,1258000.0,27/05/2017,1.0,2.0,769.0,39.0,-37.83998,145.15198
ID840336260,3/4 Combermere St,2,h,470000.0,8/04/2017,1.0,1.0,70.0,39.0,-37.7564,144.9043
ID155164453,76 Kidman St,3,h,670000.0,27/06/2016,1.0,1.0,463.0,69.0,-37.8137,144.8636
ID605812758,4/505 St Kilda St,2,t,710000.0,29/07/2017,1.0,1.0,0.0,39.0,-37.88465,144.99177
ID899425093,34 Thorpe St,3,h,1330000.0,1/07/2017,1.0,3.0,758.0,8.0,-37.84522,144.86516
ID830244200,1/41 Morang Rd,1,u,450000.0,11/03/2017,1.0,1.0,0.0,49.0,-37.8237,145.0242
ID822869456,66 Union Rd,4,h,2290000.0,12/08/2017,2.0,2.0,910.0,3.0,-37.82933,145.09642
ID528924386,1/16 Brady Rd,3,t,817000.0,24/06/2017,1.0,2.0,332.0,59.0,-37.93462,145.06562
ID191757403,2/12 Ashby Gr,2,u,750000.0,3/06/2017,1.0,1.0,112.0,59.0,-37.766890000000004,145.05206
ID944841702,9 Patterson St,3,h,1218000.0,19/08/2017,1.0,1.0,757.0,66.0,-37.82568,145.16752
ID259694071,33 Hannan St,4,h,2230000.0,10/09/2016,2.0,2.0,782.0,119.0,-37.8647,144.8867
ID674400477,1/211 Murrumbeena Rd,2,u,535000.0,22/04/2017,1.0,1.0,77.0,49.0,-37.8999,145.0643
ID742645262,46 Roslyn St,3,h,1600000.0,30/07/2016,2.0,2.0,266.0,19.0,-37.9241,145.0028
ID399365958,75 Deakin St,3,h,1165000.0,12/08/2017,1.0,1.0,590.0,89.0,-37.746520000000004,144.89178
ID345815779,3 Daffodil Ct,3,h,741000.0,8/04/2017,2.0,2.0,585.0,9.0,-37.7055,144.8943
ID734017771,114 Reynard St,3,h,1064000.0,8/10/2016,2.0,1.0,417.0,79.0,-37.7478,144.9583
ID709604137,163 Dougharty Rd,2,h,440500.0,16/07/2016,1.0,1.0,368.0,64.0,-37.7341,145.0434
ID495773625,53 Ronald St,3,h,735000.0,4/03/2017,1.0,1.0,427.0,9.0,-37.7303,144.9773
ID730672447,27 The Avenue,4,h,1751000.0,17/06/2017,3.0,2.0,564.0,69.0,-37.73666,144.87725
ID808542722,5 Haig St,3,h,547000.0,19/08/2017,2.0,2.0,410.0,7.0,-37.59665,145.08876999999995
ID161922461,114/71 Henry St,1,u,365000.0,10/12/2016,1.0,1.0,0.0,7.0,-37.7961,144.9261
ID543066521,11/8 Grandview Gr,1,u,399000.0,1/07/2017,1.0,0.0,0.0,9.0,-37.85279,145.00811000000004
ID892636919,41 Helston St,4,h,1800000.0,10/12/2016,2.0,4.0,587.0,59.0,-37.7841,145.0953
ID295570781,19 Poulter St,3,h,1650000.0,28/08/2016,1.0,1.0,697.0,72.0,-37.8636,145.0903
ID360998950,12/352 Canterbury Rd,2,u,390000.0,11/02/2017,1.0,1.0,0.0,19.0,-37.859,144.9767
ID667755205,20 Gordon St,2,h,1430000.0,25/02/2017,1.0,0.0,151.0,109.0,-37.7912,144.9963
ID638716850,3/49 Stenhouse Av,2,u,515000.0,8/07/2017,1.0,2.0,159.0,7.0,-37.82073,144.8447
ID716124617,54 Devon Dr,3,h,1120000.0,29/07/2017,1.0,1.0,725.0,54.0,-37.79509,145.15591
ID316623802,1/12 Charles St,2,u,730000.0,27/05/2017,1.0,0.0,284.0,89.0,-37.86309,144.98301999999995
ID434973386,16 Oxford St,3,h,1510000.0,3/12/2016,5.0,0.0,241.0,8.0,-37.8407,144.9962
ID266496844,78 Dickens St,4,h,2200000.0,27/06/2016,3.0,2.0,348.0,119.0,-37.8748,144.9778
ID383769198,17 Taniyha Pl,5,h,1000000.0,28/05/2016,2.0,1.0,786.0,20.0,-37.7743,144.8425
ID391234515,250 Oriel Rd,3,h,808000.0,11/02/2017,1.0,0.0,649.0,49.0,-37.7386,145.0441
ID627058019,3/165 Mountain View Pde,3,t,990000.0,30/07/2016,2.0,2.0,276.0,69.0,-37.7336,145.0615
ID874426319,118 Rossmoyne St,4,h,1400000.0,27/05/2017,2.0,0.0,364.0,99.0,-37.758070000000004,145.00782
ID582570525,5 Virginia St,3,h,600000.0,23/04/2016,1.0,4.0,557.0,64.0,-37.7156,144.94299999999996
ID749389069,2/2 Bellevue Tce,2,u,495000.0,7/05/2016,1.0,2.0,205.0,29.0,-37.7317,144.9313
ID729281273,301/437 North Rd,2,u,485000.0,3/06/2017,1.0,1.0,0.0,7.0,-37.90335,145.03718
ID196767051,86/682 Nicholson St,2,u,650000.0,15/07/2017,1.0,1.0,0.0,6.0,-37.78334,144.97782
ID541378182,214 Were St,4,h,2310000.0,28/05/2016,2.0,2.0,757.0,89.0,-37.9266,145.0088
ID476466404,15 Kookaburra St,3,h,900000.0,28/05/2016,1.0,4.0,697.0,5.0,-37.871,144.8075
ID423792919,1 Nisbett St,2,t,425000.0,18/06/2016,1.0,1.0,145.0,34.0,-37.7284,145.0361
ID147275160,159 Warrigal Rd,4,h,900000.0,13/08/2016,1.0,1.0,369.0,49.0,-37.9054,145.0857
ID201647781,5 Boyd St,3,h,1403000.0,3/12/2016,1.0,4.0,727.0,49.0,-37.7942,145.1218
ID809483143,16 Scott St,2,h,1630000.0,23/09/2017,1.0,0.0,284.0,99.0,-37.812020000000004,145.04217
ID725812953,146 East St,4,h,741000.0,22/07/2017,1.0,2.0,652.0,59.0,-37.705420000000004,144.95127
ID585006575,26 Octantis St,4,h,1390000.0,8/07/2017,3.0,2.0,664.0,41.0,-37.77813,145.16558
ID984394372,49 Tennyson St,3,h,1800000.0,19/08/2017,2.0,1.0,460.0,109.0,-37.872409999999995,145.05103
ID230414306,2/8 Hughes St,2,h,630000.0,8/10/2016,1.0,1.0,148.0,16.0,-37.821999999999996,144.89
ID779567050,5/171 Hotham St,2,u,490000.0,29/04/2017,1.0,0.0,601.0,59.0,-37.8757,144.998
ID439413729,27 Morgan St,5,h,1900000.0,19/11/2016,3.0,1.0,564.0,89.0,-37.8957,145.0487
ID541153821,16/43 Arndt Rd,2,u,541000.0,22/07/2017,1.0,1.0,133.0,9.0,-37.72136,144.92932
ID392120274,4/26 Acheron Av,2,u,495000.0,22/07/2017,1.0,1.0,134.0,6.0,-37.7216,145.0178
ID495983893,49 Kent Rd,2,h,860000.0,24/06/2017,1.0,4.0,609.0,12.0,-37.720909999999996,144.94601
ID614028912,3/51 Coorigil Rd,3,u,1042000.0,27/05/2017,2.0,2.0,0.0,11.0,-37.89622,145.06032
ID451603209,19 Jacka St,4,h,3230000.0,3/09/2016,4.0,3.0,1135.0,59.0,-37.8014,145.0892
ID406027104,14 Altona St,2,t,812000.0,16/04/2016,1.0,0.0,132.0,132.0,-37.7989,144.9275
ID869279739,240 Manningham Rd,4,h,1120000.0,10/12/2016,2.0,2.0,636.0,49.0,-37.773,145.1074
ID347419271,59 Bible St,3,h,975000.0,1/07/2017,1.0,0.0,841.0,7.0,-37.71926,145.15081999999995
ID355749563,1 Culloden St,3,h,995000.0,23/04/2016,1.0,2.0,505.0,89.0,-37.757,144.9446
ID217729288,3/18 Bleazby St,2,u,725000.0,18/03/2017,1.0,1.0,677.0,7.0,-37.9173,145.0359
ID531946242,2/19 Swindon Rd,3,t,828000.0,7/05/2016,2.0,1.0,206.0,17.0,-37.8966,145.0863
ID686988969,1/47 Bluff Rd,3,t,1215000.0,29/07/2017,2.0,2.0,314.0,59.0,-37.97287,145.01648
ID512382382,39 Mitchells La,3,h,493000.0,9/09/2017,1.0,0.0,650.0,119.0,-37.58562,144.71581
ID322847235,59 Robinson St,2,h,1020000.0,1/07/2017,1.0,1.0,269.0,125.0,-37.75782,144.92088
ID554748797,229 Sussex St,4,h,810000.0,12/11/2016,2.0,1.0,455.0,69.0,-37.7207,144.9511
ID867508314,33 Deakin St,4,t,1250000.0,6/08/2016,3.0,2.0,374.0,4.0,-37.7507,144.8911
ID422537437,2/5 McDowell St,2,u,540000.0,26/08/2017,1.0,1.0,208.0,24.0,-37.70791,145.09575
ID916611177,9 Hartington St,3,h,1051000.0,23/09/2017,2.0,2.0,913.0,69.0,-37.700720000000004,144.91662
ID885297269,16 Melliodora Dr,4,h,780000.0,15/07/2017,2.0,2.0,1037.0,44.0,-37.6017,145.09051000000005
ID630578198,7 Pilgrim Ct,5,h,1170000.0,12/08/2017,3.0,3.0,694.0,44.0,-37.73968,145.07973
ID591892843,7/27 Robe St,2,u,365000.0,1/07/2017,1.0,1.0,881.0,26.0,-37.86476,144.97826
ID519893345,50 Collinson St,4,h,820500.0,18/03/2017,2.0,7.0,754.0,28.0,-37.7221,144.8578
ID427340665,14 Staughton St,3,h,600000.0,16/04/2016,1.0,1.0,0.0,69.0,-37.7796,144.8455
ID432001029,36 Roberts Rd,4,h,785000.0,6/08/2016,1.0,2.0,597.0,8.0,-37.7259,144.8792
ID160523581,17/198 Peel St,2,u,550000.0,17/06/2017,1.0,1.0,0.0,69.0,-37.80298,144.9568
ID352352969,7 Prospect Gr,4,h,2100000.0,12/11/2016,1.0,2.0,0.0,6.0,-37.7736,145.0004
ID132340074,2 Birtles Ct,5,h,3000000.0,18/06/2016,5.0,2.0,671.0,29.0,-37.8025,145.0665
ID336847054,28 Gloucester St,3,h,730000.0,7/05/2016,1.0,1.0,546.0,8.0,-37.721,144.9967
ID199153959,62 Farview St,3,h,500000.0,3/12/2016,1.0,1.0,336.0,59.0,-37.7088,144.9356
ID732593678,42 Gower St,3,h,1060000.0,29/07/2017,1.0,0.0,190.0,11.0,-37.7956,144.92779
ID918206893,118 Westgarth St,4,h,1822000.0,13/05/2017,1.0,8.0,728.0,119.0,-37.7825,145.0072
ID186097390,13 Grace St,3,h,1622000.0,12/11/2016,1.0,1.0,544.0,89.0,-37.8436,145.0581
ID434288201,6/9 Eddy St,2,u,677000.0,1/07/2017,1.0,1.0,131.0,44.0,-37.847159999999995,145.07351
ID117322978,73 Martin St,4,h,3320000.0,10/12/2016,3.0,2.0,644.0,19.0,-37.8964,144.9972
ID351070690,69 Ford St,3,h,970000.0,8/04/2017,1.0,4.0,459.0,74.0,-37.7639,145.0377
ID233290205,6 Ridley Av,3,h,720000.0,8/07/2017,1.0,1.0,582.0,54.0,-37.76063,144.8603
ID584245176,6 Olive Gr,4,h,780000.0,19/11/2016,1.0,1.0,556.0,24.0,-37.7289,144.9412
ID996311488,124 Westgarth St,3,h,1481000.0,13/08/2016,2.0,1.0,138.0,119.0,-37.795,144.9806
ID581567822,243 Moreland Rd,3,h,1370000.0,4/03/2017,1.0,1.0,233.0,129.0,-37.7549,144.9611
ID748625252,154 Spencer St,4,h,1560000.0,25/02/2017,1.0,2.0,650.0,69.0,-37.7452,144.8941
ID504034787,25 Canterbury St,2,h,1000000.0,27/05/2017,1.0,0.0,164.0,69.0,-37.824,145.00679
ID217380641,15 Morilla Ct,3,h,690000.0,9/09/2017,2.0,2.0,2189.0,34.0,-37.50624000000001,144.58133999999995
ID848086932,48A Jupiter St,4,t,1410000.0,19/11/2016,2.0,3.0,342.0,14.0,-37.8957,145.0196
ID557324841,20a Thurso St,3,h,950000.0,28/08/2016,1.0,1.0,288.0,20.0,-37.8752,145.0817
ID838648215,2/17 Greene St,2,u,300000.0,22/04/2017,1.0,1.0,0.0,49.0,-37.8288,144.8711
ID773898615,100 Perry St,2,h,1010000.0,22/08/2016,1.0,1.0,285.0,4.0,-37.774,145.0244
ID929779236,31 Goldsmith St,3,h,2116000.0,3/12/2016,1.0,2.0,463.0,59.0,-37.8787,144.985
ID755270640,6/56 Sutherland Rd,2,u,631500.0,29/07/2017,1.0,1.0,0.0,59.0,-37.85749000000001,145.01735
ID307385899,13 Hawthorn Rd,4,h,2175000.0,13/08/2016,2.0,1.0,573.0,129.0,-37.7707,144.9924
ID771432460,246 Murray Rd,3,h,810000.0,18/06/2016,1.0,1.0,421.0,89.0,-37.738,145.0064
ID682416620,5/8 Keam St,2,u,445000.0,27/05/2017,1.0,1.0,92.0,49.0,-37.7388,144.89983999999995
ID783550968,8 John St,2,h,990000.0,27/05/2017,1.0,1.0,180.0,119.0,-37.7839,144.92727
ID872665954,36 Kenny St,3,h,2251000.0,3/12/2016,1.0,2.0,888.0,69.0,-37.8002,145.0949
ID141355134,102 Palmerston St,4,h,405000.0,24/06/2017,2.0,2.0,590.0,49.0,-37.67815,144.58355
ID938685241,2/9 Standring Cl,3,h,988000.0,19/08/2017,2.0,2.0,243.0,7.0,-37.78298,145.17682
ID535842490,10/23 Baxter St,1,u,241000.0,28/08/2016,1.0,1.0,0.0,43.0,-37.7463,144.9635
ID419341856,7 Dudley St,4,h,1615000.0,16/07/2016,2.0,3.0,758.0,29.0,-37.7668,145.03799999999995
ID364962063,61 Henry St,4,h,1550000.0,23/09/2017,2.0,1.0,344.0,119.0,-37.77171,144.99565
ID876667530,12 Ibis Pl,3,h,884500.0,30/07/2016,2.0,2.0,211.0,14.0,-37.7848,144.8969
ID333365499,10 Crown St,3,h,870000.0,8/10/2016,2.0,0.0,167.0,49.0,-37.7869,144.9228
ID953739669,1/48 Spencer St,3,u,840000.0,15/10/2016,2.0,2.0,282.0,9.0,-37.7468,144.9051
ID749154719,39 William St,3,h,972500.0,3/06/2017,1.0,1.0,448.0,89.0,-37.734429999999996,145.00201
ID376639821,7 Lisa Ct,4,h,472000.0,27/05/2017,2.0,2.0,546.0,29.0,-37.851459999999996,144.67109
ID532182503,1 Meldrum St,4,h,1610000.0,12/11/2016,2.0,2.0,763.0,79.0,-37.7916,145.0529
ID853828515,33 Disraeli St,3,h,1440000.0,27/11/2016,1.0,1.0,298.0,119.0,-37.8021,145.0391
ID232131653,2/1 Colite St,2,t,599900.0,6/05/2017,1.0,2.0,135.0,49.0,-37.7787,145.0918
ID499343342,1A York Rd,3,h,1390000.0,19/08/2017,2.0,1.0,303.0,79.0,-37.85678,145.05555
ID456485045,183 Wilson Bvd,4,h,680000.0,28/08/2016,1.0,2.0,561.0,59.0,-37.696999999999996,144.9989
ID565419392,128 Mitcham Rd,3,u,775000.0,23/09/2017,2.0,1.0,294.0,49.0,-37.79937,145.18164
ID231320636,3/76 Southernhay St,2,t,668500.0,1/07/2017,2.0,1.0,138.0,5.0,-37.72487,145.00705
ID270462406,3/1 Garden Ct,2,u,875000.0,26/07/2016,1.0,1.0,0.0,89.0,-37.8725,144.9854
ID575857065,19 Hamer St,3,h,1000000.0,3/09/2016,2.0,2.0,573.0,49.0,-37.9428,145.04399999999995
ID779990355,7/16 Leake St,2,u,510000.0,22/04/2017,2.0,1.0,0.0,14.0,-37.7465,144.91
ID789481558,201/61 Stawell St,1,u,410000.0,27/06/2016,1.0,1.0,0.0,11.0,-37.821999999999996,145.0104
ID347876221,1/74 Parkside Av,3,t,518500.0,12/08/2017,1.0,1.0,165.0,69.0,-37.741820000000004,144.85498
ID644512730,54 Pentland Pde,6,h,2450000.0,29/07/2017,3.0,2.0,1087.0,99.0,-37.81038,144.89389
ID185105095,69 Chirnside St,3,h,1180000.0,3/06/2017,1.0,1.0,335.0,49.0,-37.80742,144.88297
ID157439218,1/18 Magnolia Rd,2,u,595000.0,19/11/2016,1.0,1.0,0.0,59.0,-37.8994,145.0101
ID558902448,4/1 Oconnell St,2,u,380000.0,25/02/2017,1.0,1.0,128.0,49.0,-37.715,145.043
ID392009031,6/75 Pender St,1,u,277500.0,12/11/2016,1.0,1.0,0.0,84.0,-37.7542,145.0098
ID761435381,31 Hooker Rd,3,h,412700.0,19/08/2017,1.0,1.0,299.0,14.0,-37.89513,144.64056000000005
ID495886399,4/7 Pershing St,2,u,390000.0,16/04/2016,1.0,1.0,122.0,39.0,-37.7261,144.9961
ID347827978,141 Howard St,1,t,780000.0,17/06/2017,1.0,0.0,37.0,69.0,-37.80376,144.95379
ID670813584,602/220 Commercial Rd,2,u,841000.0,18/03/2017,2.0,1.0,0.0,169.0,-37.847,144.9936
ID904603331,31/12 Clyde St,1,u,380000.0,3/09/2016,1.0,1.0,0.0,59.0,-37.8656,144.9782
ID670812074,37 Waltham St,2,h,1225000.0,9/09/2017,1.0,1.0,150.0,129.0,-37.78363,144.92997
ID760593409,17A Findon St,3,h,1870000.0,19/11/2016,2.0,1.0,400.0,89.0,-37.8718,145.0404
ID176731026,33 Dalgety Dr,3,h,960000.0,10/12/2016,2.0,2.0,229.0,8.0,-37.7778,144.9065
ID542180359,47 Mooltan St,2,h,1100000.0,18/06/2016,1.0,1.0,321.0,119.0,-37.7818,144.9374
ID329235524,72 Military Rd,4,h,680000.0,24/09/2016,2.0,2.0,554.0,59.0,-37.7649,144.8633
ID880168479,50 Farmer St,3,h,1200000.0,9/09/2017,1.0,1.0,151.0,129.0,-37.8264,145.00935
ID686965446,25 Malvern Gr,3,h,2005000.0,7/05/2016,2.0,3.0,361.0,5.0,-37.8694,145.0296
ID631668498,56 Brewer Rd,4,h,1600000.0,3/06/2017,2.0,2.0,604.0,59.0,-37.92135,145.02917
ID711178712,6 Melrose Ct,4,h,1152000.0,9/09/2017,2.0,2.0,734.0,83.0,-37.874320000000004,145.18766000000005
ID967302040,18 Mervin St,2,h,1410000.0,3/09/2016,1.0,2.0,768.0,51.0,-37.9305,145.0547
ID964461688,60 Kent Rd,2,h,741000.0,7/11/2016,1.0,2.0,520.0,13.0,-37.7204,144.9446
ID895939380,219 Glenlyon Rd,3,h,1330000.0,8/07/2017,2.0,1.0,161.0,129.0,-37.772890000000004,144.97503
ID111893712,16 Riverview Rd,3,h,1890000.0,19/08/2017,2.0,1.0,632.0,79.0,-37.79094,145.07899
ID711389570,19 Tovey St,4,h,770000.0,8/04/2017,3.0,3.0,697.0,49.0,-37.701,144.9993
ID783550968,8 John St,2,h,990000.0,27/05/2017,1.0,1.0,180.0,119.0,-37.7839,144.92727
ID970647492,9 Berkeley Gr,4,h,2515000.0,3/09/2017,2.0,2.0,583.0,94.0,-37.90953,145.0155
ID192232671,2/25 El Nido Gr,2,t,707000.0,13/08/2016,1.0,1.0,144.0,19.0,-37.891999999999996,145.0482
ID760593409,17A Findon St,3,h,1870000.0,19/11/2016,2.0,1.0,400.0,89.0,-37.8718,145.0404
ID196767051,86/682 Nicholson St,2,u,650000.0,15/07/2017,1.0,1.0,0.0,6.0,-37.78334,144.97782
ID957008172,99 Christmas St,2,h,1575000.0,7/11/2016,1.0,3.0,607.0,74.0,-37.7668,145.0149
ID688274670,6 Wicklow St,3,h,800000.0,13/05/2017,1.0,2.0,506.0,49.0,-37.7187,144.9433
ID196306903,1/183 Kooyong Rd,2,u,857000.0,22/08/2016,0.0,0.0,0.0,56.0,-37.8458,145.0221
ID376117659,11 Nottingham St,5,h,1900000.0,16/04/2016,2.0,2.0,566.0,129.0,-37.7893,144.933
ID794597016,1/23 Hawthorn Gr,1,u,415000.0,15/07/2017,1.0,1.0,0.0,5.0,-37.81519,145.03153
ID391234515,250 Oriel Rd,3,h,808000.0,11/02/2017,1.0,0.0,649.0,49.0,-37.7386,145.0441
ID255293260,74 Arthur St,3,h,796000.0,24/06/2017,2.0,2.0,534.0,69.0,-37.69852,145.04836
ID955134153,10 Cronin Ct,4,h,1138000.0,22/07/2017,2.0,1.0,536.0,39.0,-37.96768,145.07966000000005
