"sample","fit","lwr","upr"
6.19439633999999e-05,2.37287106263734,0.636612688700377,4.1091294365743
6.23258253512591e-05,2.37293610478539,0.639156944541146,4.10671526502963
6.27100413422311e-05,2.37300114693344,0.641700873916544,4.10430141995033
6.30966258847127e-05,2.37306618908148,0.644244475422257,4.10188790274071
6.34855935799603e-05,2.37313123122953,0.646787747646088,4.09947471481298
6.3876959119242e-05,2.37319627337758,0.649330689167911,4.09706185758725
6.4270737284392e-05,2.37326131552563,0.651873298559611,4.09464933249165
6.46669429483693e-05,2.37332635767368,0.654415574385032,4.09223714096233
6.50655910758189e-05,2.37339139982173,0.65695751519992,4.08982528444353
6.54666967236381e-05,2.37345644196978,0.659499119551871,4.08741376438768
6.58702750415436e-05,2.37352148411782,0.66204038598027,4.08500258225538
6.62763412726454e-05,2.37358652626587,0.664581313016237,4.08259173951551
6.66849107540209e-05,2.37365156841392,0.667121899182568,4.08018123764527
6.70959989172958e-05,2.37371661056197,0.669662142993684,4.07777107813026
6.75096212892255e-05,2.37378165271002,0.672202042955561,4.07536126246448
6.79257934922826e-05,2.37384669485807,0.674741597565684,4.07295179215045
6.83445312452463e-05,2.37391173700612,0.67728080531298,4.07054266869925
6.87658503637967e-05,2.37397677915416,0.679819664677764,4.06813389363057
6.91897667611111e-05,2.37404182130221,0.682358174131673,4.06572546847275
6.96162964484667e-05,2.37410686345026,0.684896332137611,4.06331739476291
7.00454555358434e-05,2.37417190559831,0.687434137149686,4.06090967404694
7.0477260232534e-05,2.37423694774636,0.689971587613149,4.05850230787957
7.09117268477553e-05,2.37430198989441,0.692508681964331,4.05609529782449
7.13488717912646e-05,2.37436703204246,0.695045418630583,4.05368864545433
7.17887115739794e-05,2.37443207419051,0.697581796030211,4.0512823523508
7.22312628086009e-05,2.37449711633855,0.700117812572414,4.04887642010469
7.26765422102414e-05,2.3745621584866,0.702653466657219,4.04647085031599
7.31245665970564e-05,2.37462720063465,0.705188756675418,4.04406564459389
7.35753528908783e-05,2.3746922427827,0.707723681008499,4.0416608045569
7.40289181178571e-05,2.37475728493075,0.71025823802859,4.03925633183291
7.44852794091025e-05,2.3748223270788,0.712792426098381,4.03685222805921
7.49444540013315e-05,2.37488736922685,0.715326243571066,4.03444849488263
7.54064592375188e-05,2.37495241137489,0.717859688790271,4.03204513395952
7.58713125675526e-05,2.37501745352294,0.720392760089993,4.02964214695589
7.63390315488929e-05,2.37508249567099,0.72292545579452,4.02723953554746
7.68096338472356e-05,2.37514753781904,0.725457774218377,4.0248373014197
7.72831372371785e-05,2.37521257996709,0.727989713666244,4.02243544626793
7.7759559602894e-05,2.37527762211514,0.730521272432894,4.02003397179738
7.82389189388031e-05,2.37534266426319,0.733052448803118,4.01763287972326
7.87212333502568e-05,2.37540770641123,0.735583241051656,4.01523217177081
7.92065210542181e-05,2.37547274855928,0.738113647443127,4.01283184967544
7.96948003799516e-05,2.37553779070733,0.740643666231954,4.01043191518271
8.01860897697146e-05,2.37560283285538,0.743173295662288,4.00803237004847
8.06804077794548e-05,2.37566787500343,0.745702533967945,4.00563321603891
8.11777730795098e-05,2.37573291715148,0.74823137937232,4.00323445493064
8.16782044553138e-05,2.37579795929953,0.750759830088322,4.00083608851073
8.21817208081057e-05,2.37586300144758,0.753287884318291,3.99843811857686
8.26883411556441e-05,2.37592804359562,0.755815540253927,3.99604054693732
8.31980846329249e-05,2.37599308574367,0.758342796076212,3.99364337541113
8.37109704929045e-05,2.37605812789172,0.760869649955333,3.99124660582811
8.42270181072263e-05,2.37612317003977,0.763396100050601,3.98885024002894
8.47462469669535e-05,2.37618821218782,0.765922144510381,3.98645427986526
8.52686766833039e-05,2.37625325433587,0.768447781472001,3.98405872719973
8.5794326988392e-05,2.37631829648392,0.770973009061684,3.98166358390615
8.63232177359728e-05,2.37638333863196,0.773497825394456,3.97926885186947
8.68553689021933e-05,2.37644838078001,0.776022228574077,3.97687453298595
8.73908005863453e-05,2.37651342292806,0.778546216692946,3.97448062916318
8.79295330116264e-05,2.37657846507611,0.781069787832032,3.97208714232019
8.84715865259018e-05,2.37664350722416,0.783592940060778,3.96969407438754
8.90169816024747e-05,2.37670854937221,0.786115671437027,3.96730142730739
8.95657388408582e-05,2.37677359152026,0.788637980006932,3.96490920303358
9.01178789675543e-05,2.37683863366831,0.791159863804872,3.96251740353174
9.0673422836836e-05,2.37690367581635,0.793681320853365,3.96012603077934
9.12323914315356e-05,2.3769687179644,0.796202349162983,3.95773508676582
9.17948058638364e-05,2.37703376011245,0.798722946732265,3.95534457349264
9.23606873760714e-05,2.3770988022605,0.801243111547624,3.95295449297338
9.2930057341524e-05,2.37716384440855,0.803762841583262,3.95056484723384
9.35029372652368e-05,2.3772288865566,0.806282134801081,3.94817563831211
9.40793487848227e-05,2.37729392870465,0.808800989150589,3.9457868682587
9.46593136712825e-05,2.37735897085269,0.811319402568809,3.94339853913658
9.52428538298277e-05,2.37742401300074,0.81383737298019,3.9410106530213
9.58299913007076e-05,2.37748905514879,0.816354898296514,3.93862321200107
9.64207482600409e-05,2.37755409729684,0.818871976416796,3.93623621817688
9.70151470206542e-05,2.37761913944489,0.821388605227197,3.93384967366258
9.76132100329251e-05,2.37768418159294,0.823904782600923,3.93146358058495
9.82149598856288e-05,2.37774922374099,0.826420506398134,3.92907794108384
9.88204193067927e-05,2.37781426588904,0.828935774465845,3.92669275731223
9.94296111645538e-05,2.37787930803708,0.831450584637821,3.92430803143635
0.000100042558468023,2.37794435018513,0.833964934734495,3.92192376563577
0.000100659284368154,2.37800939233318,0.836478822562849,3.91953996210351
0.000101279812158618,2.37807443448123,0.838992245916328,3.91715662304613
0.000101904165276682,2.37813947662928,0.841505202574733,3.91477375068382
0.000102532367304097,2.37820451877733,0.844017690304119,3.91239134725053
0.000103164441967985,2.37826956092538,0.846529706856691,3.91000941499406
0.000103800413141739,2.37833460307342,0.849041249970706,3.90762795617614
0.000104440304845921,2.37839964522147,0.851552317370358,3.90524697307259
0.000105084141249171,2.37846468736952,0.854062906765684,3.90286646797336
0.000105731946669123,2.37852972951757,0.856573015852446,3.90048644318269
0.000106383745573316,2.37859477166562,0.859082642312034,3.8981069010192
0.000107039562580125,2.37865981381367,0.861591783811348,3.89572784381599
0.000107699422459688,2.37872485596172,0.864100438002696,3.89334927392074
0.000108363350134841,2.37878989810976,0.866608602523678,3.89097119369585
0.000109031370682061,2.37885494025781,0.86911627499708,3.88859360551855
0.000109703509332413,2.37891998240586,0.871623453030758,3.88621651178097
0.0001103797914725,2.37898502455391,0.874130134217525,3.8838399148903
0.000111060242645427,2.37905006670196,0.876636316135036,3.88146381726888
0.000111744888551761,2.37911510885001,0.879141996345676,3.87908822135434
0.000112433755050503,2.37918015099806,0.881647172396441,3.87671312959967
0.000113126868160069,2.37924519314611,0.884151841818821,3.87433854447339
0.000113824254059264,2.37931023529415,0.886656002128682,3.87196446845963
0.00011452593908828,2.3793752774422,0.889159650826146,3.86959090405826
0.000115231949749684,2.37944031959025,0.891662785395471,3.86721785378503
0.000115942312709424,2.3795053617383,0.894165403304931,3.86484532017167
0.00011665705479783,2.37957040388635,0.896667502006688,3.86247330576601
0.000117376203010637,2.3796354460344,0.899169078936677,3.86010181313212
0.000118099784509992,2.37970048818245,0.901670131514473,3.85773084485042
0.000118827826625494,2.37976553033049,0.904170657143169,3.85536040351782
0.000119560356855213,2.37983057247854,0.906670653209249,3.85299049174784
0.000120297402866737,2.37989561462659,0.909170117082459,3.85062111217072
0.000121038992498215,2.37996065677464,0.911669046115677,3.8482522674336
0.000121785153759407,2.38002569892269,0.914167437644786,3.84588396020059
0.000122535914832745,2.38009074107074,0.916665288988537,3.84351619315294
0.000123291304074392,2.38015578321879,0.919162597448423,3.84114896898915
0.000124051350015319,2.38022082536683,0.921659360308536,3.83878229042513
0.00012481608136238,2.38028586751488,0.924155574835443,3.83641616019432
0.000125585526999395,2.38035090966293,0.926651238278037,3.83405058104783
0.000126359715988243,2.38041595181098,0.929146347867415,3.83168555575455
0.000127138677569959,2.38048099395903,0.931640900816721,3.82932108710134
0.000127922441165838,2.38054603610708,0.934134894321024,3.82695717789313
0.000128711036378546,2.38061107825513,0.936628325557162,3.82459383095309
0.00012950449299324,2.38067612040318,0.939121191683608,3.82223104912274
0.000130302840978691,2.38074116255122,0.941613489840324,3.81986883526212
0.000131106110488416,2.38080620469927,0.944105217148614,3.81750719224993
0.000131914331861818,2.38087124684732,0.946596370710981,3.81514612298366
0.000132727535625331,2.38093628899537,0.949086947610978,3.81278563037976
0.000133545752493573,2.38100133114342,0.951576944913054,3.81042571737378
0.000134369013370509,2.38106637329147,0.954066359662413,3.80806638692052
0.000135197349350613,2.38113141543952,0.956555188884855,3.80570764199418
0.000136030791720044,2.38119645758756,0.959043429586625,3.8033494855885
0.000136869371957833,2.38126149973561,0.961531078754257,3.80099192071697
0.000137713121737064,2.38132654188366,0.964018133354423,3.7986349504129
0.000138562072926075,2.38139158403171,0.966504590333768,3.79627857772965
0.000139416257589661,2.38145662617976,0.968990446618759,3.79392280574076
0.000140275707990286,2.38152166832781,0.971475699115519,3.7915676375401
0.000141140456589299,2.38158671047586,0.973960344709666,3.78921307624205
0.00014201053604816,2.38165175262391,0.976444380266157,3.78685912498165
0.000142885979229678,2.38171679477195,0.97892780262911,3.7845057869148
0.000143766819199246,2.38178183692,0.981410608621652,3.78215306521835
0.000144653089226097,2.38184687906805,0.98389279504574,3.77980096309036
0.000145544822784552,2.3819119212161,0.986374358682,3.7774494837502
0.000146442053555294,2.38197696336415,0.988855296289552,3.77509863043874
0.000147344815426631,2.3820420055122,0.991335604605838,3.77274840641856
0.000148253142495782,2.38210704766025,0.993815280346448,3.77039881497404
0.000149167069070163,2.38217208980829,0.996294320204949,3.76804985941164
0.000150086629668682,2.38223713195634,0.9987727208527,3.76570154305999
0.000151011859023043,2.38230217410439,1.00125047893868,3.7633538692701
0.000151942792079061,2.38236721625244,1.0037275910893,3.76100684141558
0.000152879463997976,2.38243225840049,1.00620405390824,3.75866046289274
0.000153821910157785,2.38249730054854,1.00867986397624,3.75631473712084
0.000154770166154579,2.38256234269659,1.01115501785092,3.75396966754225
0.000155724267803885,2.38262738484463,1.01362951206662,3.75162525762265
0.000156684251142019,2.38269242699268,1.01610334313417,3.74928151085119
0.000157650152427449,2.38275746914073,1.01857650754074,3.74693843074073
0.000158622008142162,2.38282251128878,1.0210490017496,3.74459602082797
0.000159599854993043,2.38288755343683,1.02352082219997,3.74225428467369
0.000160583729913264,2.38295259558488,1.02599196530682,3.73991322586293
0.000161573670063673,2.38301763773293,1.02846242746064,3.73757284800521
0.000162569712834204,2.38308267988098,1.03093220502728,3.73523315473467
0.000163571895845285,2.38314772202902,1.03340129434769,3.73289414971035
0.00016458025694926,2.38321276417707,1.03586969173781,3.73055583661633
0.00016559483423182,2.38327780632512,1.03833739348827,3.72821821916197
0.00016661566601344,2.38334284847317,1.04080439586424,3.7258813010821
0.000167642790850825,2.38340789062122,1.0432706951052,3.72354508613723
0.000168676247538371,2.38347293276927,1.04573628742475,3.72120957811379
0.000169716075109625,2.38353797491732,1.04820116901035,3.71887478082428
0.000170762312838762,2.38360301706536,1.05066533602317,3.71654069810756
0.00017181500024207,2.38366805921341,1.05312878459781,3.71420733382902
0.000172874177079437,2.38373310136146,1.05559151084213,3.71187469188079
0.00017393988335586,2.38379814350951,1.05805351083701,3.70954277618201
0.000175012159322949,2.38386318565756,1.06051478063611,3.70721159067901
0.000176091045480452,2.38392822780561,1.06297531626568,3.70488113934553
0.000177176582577783,2.38399326995366,1.06543511372432,3.702551426183
0.000178268811615561,2.3840583121017,1.06789416898271,3.7002224552207
0.000179367773847161,2.38412335424975,1.07035247798344,3.69789423051606
0.000180473510780265,2.3841883963978,1.07281003664076,3.69556675615484
0.000181586064178441,2.38425343854585,1.07526684084032,3.69324003625138
0.000182705476062709,2.3843184806939,1.07772288643894,3.69091407494886
0.000183831788713137,2.38438352284195,1.08017816926439,3.68858887641951
0.000184965044670431,2.38444856499,1.08263268511512,3.68626444486487
0.000186105286737547,2.38451360713805,1.08508642976005,3.68394078451605
0.000187252557981305,2.38457864928609,1.08753939893827,3.68161789963392
0.000188406901734017,2.38464369143414,1.08999158835885,3.67929579450943
0.000189568361595121,2.38470873358219,1.09244299370056,3.67697447346382
0.000190736981432833,2.38477377573024,1.0948936106116,3.67465394084888
0.000191912805385796,2.38483881787829,1.09734343470936,3.67233420104722
0.000193095877864756,2.38490386002634,1.09979246158018,3.6700152584725
0.000194286243554232,2.38496890217439,1.10224068677904,3.66769711756973
0.000195483947414209,2.38503394432243,1.10468810582936,3.6653797828155
0.000196689034681831,2.38509898647048,1.10713471422268,3.66306325871829
0.000197901550873116,2.38516402861853,1.10958050741841,3.66074754981866
0.00019912154178467,2.38522907076658,1.11202548084355,3.65843266068962
0.000200349053495417,2.38529411291463,1.11446962989244,3.65611859593682
0.000201584132368344,2.38535915506268,1.11691294992646,3.6538053601989
0.000202826825052246,2.38542419721073,1.11935543627376,3.65149295814769
0.000204077178483491,2.38548923935878,1.12179708422899,3.64918139448856
0.000205335239887795,2.38555428150682,1.12423788905297,3.64687067396068
0.000206601056782001,2.38561932365487,1.12667784597246,3.64456080133729
0.000207874676975877,2.38568436580292,1.12911695017983,3.64225178142601
0.000209156148573921,2.38574940795097,1.1315551968328,3.63994361906914
0.000210445519977177,2.38581445009902,1.13399258105411,3.63763631914392
0.000211742839885064,2.38587949224707,1.13642909793124,3.63532988656289
0.000213048157297214,2.38594453439512,1.13886474251611,3.63302432627412
0.000214361521515328,2.38600957654316,1.14129950982476,3.63071964326157
0.000215682982145028,2.38607461869121,1.14373339483706,3.62841584254536
0.000217012589097742,2.38613966083926,1.14616639249642,3.62611292918211
0.00021835039259258,2.38620470298731,1.1485984977094,3.62381090826522
0.000219696443158237,2.38626974513536,1.1510297053455,3.62150978492522
0.000221050791634897,2.38633478728341,1.15346001023675,3.61920956433007
0.000222413489176157,2.38639982943146,1.15588940717743,3.61691025168549
0.000223784587250956,2.38646487157951,1.15831789092375,3.61461185223526
0.000225164137645521,2.38652991372755,1.1607454561935,3.6123143712616
0.000226552192465321,2.3865949558756,1.16317209766575,3.61001781408546
0.000227948804137037,2.38665999802365,1.16559780998046,3.60772218606684
0.000229354025410543,2.3867250401717,1.16802258773821,3.60542749260519
0.000230767909360894,2.38679008231975,1.1704464254998,3.60313373913969
0.000232190509390335,2.3868551244678,1.17286931778596,3.60084093114964
0.000233621879230316,2.38692016661585,1.17529125907694,3.59854907415476
0.000235062072943522,2.38698520876389,1.17771224381221,3.59625817371558
0.000236511144925913,2.38705025091194,1.1801322663901,3.59396823543379
0.000237969149908784,2.38711529305999,1.18255132116741,3.59167926495257
0.000239436142960824,2.38718033520804,1.18496940245908,3.589391267957
0.000240912179490204,2.38724537735609,1.18738650453781,3.58710425017437
0.000242397315246664,2.38731041950414,1.1898026216337,3.58481821737457
0.000243891606323623,2.38737546165219,1.19221774793387,3.5825331753705
0.000245395109160292,2.38744050380023,1.1946318775821,3.58024913001837
0.000246907880543813,2.38750554594828,1.19704500467842,3.57796608721815
0.000248429977611398,2.38757058809633,1.19945712327876,3.57568405291391
0.000249961457852488,2.38763563024438,1.20186822739455,3.57340303309421
0.000251502379110929,2.38770067239243,1.20427831099234,3.57112303379252
0.000253052799587149,2.38776571454048,1.20668736799338,3.56884406108757
0.000254612777840364,2.38783075668853,1.20909539227325,3.5665661211038
0.000256182372790784,2.38789579883657,1.21150237766144,3.56428922001171
0.000257761643721841,2.38796084098462,1.21390831794096,3.56201336402829
0.000259350650282428,2.38802588313267,1.21631320684792,3.55973855941743
0.000260949452489152,2.38809092528072,1.21871703807112,3.55746481249032
0.0002625581107286,2.38815596742877,1.22111980525163,3.55519212960591
0.000264176685759622,2.38822100957682,1.22352150198239,3.55292051717125
0.00026580523871562,2.38828605172487,1.22592212180773,3.55064998164201
0.000267443831106866,2.38835109387292,1.228321658223,3.54838052952283
0.000269092524822817,2.38841613602096,1.23072010467413,3.5461121673678
0.000270751382134457,2.38848117816901,1.23311745455713,3.5438449017809
0.000272420465696649,2.38854622031706,1.23551370121773,3.54157873941639
0.000274099838550499,2.38861126246511,1.23790883795089,3.53931368697933
0.000275789564125739,2.38867630461316,1.24030285800035,3.53704975122597
0.000277489706243122,2.38874134676121,1.24269575455818,3.53478693896424
0.000279200329116832,2.38880638890926,1.24508752076432,3.5325252570542
0.000280921497356912,2.3888714310573,1.24747814970612,3.53026471240849
0.0002826532759717,2.38893647320535,1.24986763441789,3.52800531199282
0.000284395730370289,2.3890015153534,1.25225596788037,3.52574706282643
0.000286148926364992,2.38906655750145,1.25464314302032,3.52348997198258
0.000287912930173835,2.3891315996495,1.25702915270999,3.52123404658901
0.000289687808423052,2.38919664179755,1.25941398976666,3.51897929382844
0.000291473628149601,2.3892616839456,1.26179764695213,3.51672572093906
0.000293270456803704,2.38932672609365,1.26418011697224,3.51447333521505
0.000295078362251383,2.38939176824169,1.26656139247637,3.51222214400702
0.000296897412777034,2.38945681038974,1.2689414660569,3.50997215472259
0.000298727677085998,2.38952185253779,1.27132033024875,3.50772337482683
0.000300569224307162,2.38958689468584,1.27369797752883,3.50547581184285
0.000302422123995566,2.38965193683389,1.27607440031554,3.50322947335224
0.000304286446135032,2.38971697898194,1.27844959096822,3.50098436699566
0.000306162261140805,2.38978202112999,1.28082354178663,3.49874050047335
0.000308049639862218,2.38984706327803,1.28319624501043,3.49649788154564
0.000309948653585361,2.38991210542608,1.28556769281862,3.49425651803354
0.000311859374035777,2.38997714757413,1.28793787732901,3.49201641781926
0.000313781873381174,2.39004218972218,1.29030679059763,3.48977758884673
0.000315716224234143,2.39010723187023,1.29267442461824,3.48754003912221
0.000317662499654908,2.39017227401828,1.29504077132171,3.48530377671485
0.000319620773154083,2.39023731616633,1.29740582257545,3.4830688097572
0.000321591118695446,2.39030235831438,1.29976957018291,3.48083514644584
0.000323573610698737,2.39036740046242,1.3021320058829,3.47860279504195
0.000325568324042465,2.39043244261047,1.30449312134908,3.47637176387187
0.000327575334066738,2.39049748475852,1.30685290818935,3.4741420613277
0.000329594716576109,2.39056252690657,1.30921135794524,3.4719136958679
0.000331626547842438,2.39062756905462,1.31156846209132,3.46968667601792
0.000333670904607772,2.39069261120267,1.31392421203461,3.46746101037073
0.000335727864087248,2.39075765335072,1.31627859911392,3.46523670758751
0.000337797503972002,2.39082269549876,1.31863161459929,3.46301377639824
0.000339879902432111,2.39088773764681,1.32098324969133,3.4607922256023
0.00034197513811954,2.39095277979486,1.32333349552058,3.45857206406914
0.000344083290171116,2.39101782194291,1.32568234314692,3.4563533007389
0.000346204438211514,2.39108286409096,1.32802978355886,3.45413594462306
0.000348338662356267,2.39114790623901,1.33037580767296,3.45192000480506
0.000350486043214793,2.39121294838706,1.33272040633313,3.44970549044098
0.000352646661893433,2.3912779905351,1.33506357030999,3.44749241076021
0.000354820599998525,2.39134303268315,1.3374052903002,3.44528077506611
0.000357007939639474,2.3914080748312,1.33974555692575,3.44307059273665
0.000359208763431865,2.39147311697925,1.34208436073335,3.44086187322515
0.000361423154500576,2.3915381591273,1.34442169219369,3.43865462606091
0.000363651196482917,2.39160320127535,1.34675754170076,3.43644886084994
0.000365892973531795,2.3916682434234,1.34909189957114,3.43424458727565
0.000368148570318888,2.39173328557145,1.35142475604334,3.43204181509955
0.000370418072037844,2.39179832771949,1.35375610127702,3.42984055416197
0.000372701564407497,2.39186336986754,1.3560859253523,3.42764081438278
0.00037499913367511,2.39192841201559,1.35841421826908,3.42544260576211
0.000377310866619626,2.39199345416364,1.36074096994621,3.42324593838107
0.000379636850554949,2.39205849631169,1.36306617022083,3.42105082240255
0.000381977173333242,2.39212353845974,1.3653898088476,3.41885726807188
0.000384331923348244,2.39218858060779,1.36771187549792,3.41666528571765
0.000386701189538611,2.39225362275583,1.37003235975921,3.41447488575246
0.000389085061391271,2.39231866490388,1.37235125113412,3.41228607867364
0.000391483628944806,2.39238370705193,1.37466853903974,3.41009887506412
0.000393896982792856,2.39244874919998,1.37698421280686,3.40791328559311
0.000396325214087535,2.39251379134803,1.37929826167911,3.40572932101695
0.000398768414542879,2.39257883349608,1.38161067481226,3.4035469921799
0.000401226676438304,2.39264387564413,1.38392144127331,3.40136631001494
0.000403700092622099,2.39270891779217,1.38623055003978,3.39918728554457
0.000406188756514925,2.39277395994022,1.38853798999879,3.39700992988166
0.000408692762113352,2.39283900208827,1.39084374994632,3.39483425423023
0.000411212203993398,2.39290404423632,1.39314781858631,3.39266026988633
0.000413747177314116,2.39296908638437,1.39545018452986,3.39048798823888
0.000416297777821172,2.39303412853242,1.39775083629436,3.38831742077048
0.000418864101850474,2.39309917068047,1.40004976230263,3.3861485790583
0.000421446246331804,2.39316421282852,1.40234695088208,3.38398147477495
0.000424044308792481,2.39322925497656,1.4046423902638,3.38181611968933
0.000426658387361044,2.39329429712461,1.40693606858169,3.37965252566754
0.00042928858077096,2.39335933927266,1.40922797387158,3.37749070467374
0.000431934988364351,2.39342438142071,1.41151809407035,3.37533066877107
0.000434597710095745,2.39348942356876,1.41380641701497,3.37317243012255
0.000437276846535857,2.39355446571681,1.41609293044162,3.37101600099199
0.000439972498875381,2.39361950786486,1.4183776219848,3.36886139374491
0.000442684768928816,2.3936845500129,1.42066047917632,3.36670862084949
0.00044541375913831,2.39374959216095,1.42294148944444,3.36455769487746
0.000448159572577529,2.393814634309,1.42522064011288,3.36240862850512
0.000450922312955551,2.39387967645705,1.42749791839987,3.36026143451423
0.000453702084620783,2.3939447186051,1.4297733114172,3.358116125793
0.000456498992564901,2.39400976075315,1.43204680616921,3.35597271533708
0.000459313142426817,2.3940748029012,1.43431838955188,3.35383121625051
0.000462144640496669,2.39413984504925,1.43658804835178,3.35169164174671
0.000464993593719833,2.39420488719729,1.43885576924507,3.34955400514952
0.000467860109700966,2.39426992934534,1.44112153879654,3.34741831989414
0.000470744296708069,2.39433497149339,1.44338534345857,3.34528459952821
0.000473646263676573,2.39440001364144,1.44564716957008,3.3431528577128
0.000476566120213459,2.39446505578949,1.44790700335553,3.34102310822344
0.000479503976601394,2.39453009793754,1.45016483092389,3.33889536495118
0.000482459943802897,2.39459514008559,1.45242063826754,3.33676964190363
0.000485434133464531,2.39466018223363,1.45467441126126,3.33464595320601
0.00048842665792112,2.39472522438168,1.45692613566112,3.33252431310224
0.00049143763019999,2.39479026652973,1.45917579710345,3.33040473595602
0.000494467164025239,2.39485530867778,1.4614233811037,3.32828723625186
0.000497515373822035,2.39492035082583,1.46366887305538,3.32617182859628
0.000500582374720932,2.39498539297388,1.46591225822896,3.32405852771879
0.000503668282562226,2.39505043512193,1.46815352177073,3.32194734847313
0.000506773213900322,2.39511547726997,1.47039264870168,3.31983830583827
0.000509897286008143,2.39518051941802,1.47262962391641,3.31773141491964
0.000513040616881556,2.39524556156607,1.47486443218191,3.31562669095023
0.00051620332524383,2.39531060371412,1.47709705813651,3.31352414929174
0.000519385530550119,2.39537564586217,1.47932748628861,3.31142380543573
0.000522587352991974,2.39544068801022,1.48155570101562,3.30932567500481
0.000525808913501886,2.39550573015827,1.4837816865627,3.30722977375384
0.000529050333757847,2.39557077230632,1.48600542704159,3.30513611757104
0.000532311736187951,2.39563581445436,1.48822690642947,3.30304472247926
0.000535593243975017,2.39570085660241,1.49044610856766,3.30095560463717
0.000538894981061242,2.39576589875046,1.49266301716048,3.29886878034045
0.000542217072152878,2.39583094089851,1.49487761577399,3.29678426602303
0.000545559642724949,2.39589598304656,1.49708988783478,3.29470207825834
0.000548922819025986,2.39596102519461,1.49929981662868,3.29262223376053
0.000552306728082795,2.39602606734266,1.50150738529957,3.29054474938574
0.000555711497705257,2.3960911094907,1.50371257684808,3.28846964213333
0.000559137256491154,2.39615615163875,1.5059153741303,3.2863969291472
0.000562584133831027,2.3962211937868,1.50811575985656,3.28432662771705
0.000566052259913062,2.39628623593485,1.51031371659007,3.28225875527963
0.000569541765728007,2.3963512780829,1.51250922674569,3.28019332942011
0.000573052783074121,2.39641632023095,1.51470227258856,3.27813036787334
0.000576585444562151,2.396481362379,1.51689283623281,3.27606988852519
0.000580139883620342,2.39654640452705,1.51908089964024,3.27401190941385
0.000583716234499473,2.39661144667509,1.52126644461899,3.2719564487312
0.000587314632277934,2.39667648882314,1.52344945282214,3.26990352482414
0.000590935212866819,2.39674153097119,1.52562990574644,3.26785315619594
0.00059457811301507,2.39680657311924,1.52780778473087,3.26580536150761
0.000598243470314629,2.39687161526729,1.52998307095532,3.26376015957926
0.000601931423205651,2.39693665741534,1.53215574543917,3.26171756939151
0.000605642110981717,2.39700169956339,1.53432578903993,3.25967761008684
0.000609375673795107,2.39706674171143,1.53649318245183,3.25764030097104
0.000613132252662083,2.39713178385948,1.53865790620441,3.25560566151455
0.000616911989468228,2.39719682600753,1.5408199406611,3.25357371135397
0.000620715026973791,2.39726186815558,1.54297926601779,3.25154447029337
0.000624541508819092,2.39732691030363,1.54513586230142,3.24951795830584
0.000628391579529936,2.39739195245168,1.54728970936852,3.24749419553484
0.000632265384523081,2.39745699459973,1.54944078690375,3.2454732022957
0.000636163070111723,2.39752203674777,1.55158907441847,3.24345499907708
0.000640084783511029,2.39758707889582,1.55373455124923,3.24143960654242
0.000644030672843689,2.39765212104387,1.55587719655634,3.2394270455314
0.000648000887145521,2.39771716319192,1.55801698932237,3.23741733706147
0.000651995576371089,2.39778220533997,1.56015390835064,3.2354105023293
0.000656014891399378,2.39784724748802,1.56228793226373,3.2334065627123
0.000660058984039481,2.39791228963607,1.56441903950201,3.23140553977012
0.000664128007036345,2.39797733178412,1.56654720832207,3.22940745524617
0.000668222114076526,2.39804237393216,1.56867241679522,3.22741233106911
0.00067234145979401,2.39810741608021,1.57079464280599,3.22542018935443
0.000676486199776039,2.39817245822826,1.57291386405056,3.22343105240597
0.000680656490568997,2.39823750037631,1.57503005803521,3.22144494271741
0.000684852489684317,2.39830254252436,1.57714320207483,3.21946188297389
0.000689074355604436,2.39836758467241,1.57925327329128,3.21748189605353
0.000693322247788773,2.39843262682046,1.58136024861191,3.215505005029
0.000697596326679759,2.3984976689685,1.58346410476792,3.21353123316908
0.000701896753708894,2.39856271111655,1.58556481829286,3.21156060394024
0.000706223691302844,2.3986277532646,1.58766236552099,3.20959314100821
0.000710577302889576,2.39869279541265,1.58975672258572,3.20762886823959
0.00071495775290453,2.3987578375607,1.59184786541801,3.20566780970339
0.000719365206796832,2.39882287970875,1.59393576974482,3.20370998967268
0.000723799831035541,2.3988879218568,1.59602041108743,3.20175543262616
0.000728261793115937,2.39895296400485,1.59810176475992,3.19980416324977
0.000732751261565847,2.39901800615289,1.6001798058675,3.19785620643829
0.000737268405952012,2.39908304830094,1.60225450930494,3.19591158729695
0.000741813396886488,2.39914809044899,1.60432584975493,3.19397033114306
0.000746386406033094,2.39921313259704,1.60639380168646,3.19203246350761
0.000750987606113893,2.39927817474509,1.60845833935325,3.19009801013693
0.000755617170915716,2.39934321689314,1.61051943679203,3.18816699699424
0.000760275275296727,2.39940825904119,1.61257706782102,3.18623945026135
0.000764962095193028,2.39947330118923,1.61463120603822,3.18431539634024
0.000769677807625302,2.39953834333728,1.61668182481985,3.18239486185472
0.000774422590705498,2.39960338548533,1.61872889731865,3.18047787365201
0.000779196623643564,2.39966842763338,1.62077239646231,3.17856445880445
0.000784000086754209,2.39973346978143,1.6228122949518,3.17665464461105
0.000788833161463717,2.39979851192948,1.62484856525978,3.17474845859918
0.000793696030316801,2.39986355407753,1.6268811796289,3.17284592852615
0.000798588876983493,2.39992859622557,1.62891011007027,3.17094708238088
0.000803511886266085,2.39999363837362,1.63093532836174,3.16905194838551
0.000808465244106107,2.40005868052167,1.63295680604632,3.16716055499702
0.000813449137591352,2.40012372266972,1.63497451443059,3.16527293090885
0.000818463754962941,2.40018876481777,1.63698842458299,3.16338910505255
0.00082350928562243,2.40025380696582,1.6389985073323,3.16150910659934
0.000828585920138971,2.40031884911387,1.64100473326596,3.15963296496178
0.000833693850256502,2.40038389126192,1.6430070727285,3.15776070979533
0.000838833268900993,2.40044893340996,1.64500549581995,3.15589237099998
0.000844004370187734,2.40051397555801,1.64699997239418,3.15402797872184
0.000849207349428664,2.40057901770606,1.6489904720574,3.15216756335472
0.000854442403139748,2.40064405985411,1.6509769641665,3.15031115554172
0.0008597097290484,2.40070910200216,1.65295941782754,3.14845878617678
0.000865009526100956,2.40077414415021,1.65493780189413,3.14661048640628
0.000870341994470175,2.40083918629826,1.65691208496592,3.14476628763059
0.000875707335562817,2.4009042284463,1.65888223538702,3.14292622150559
0.000881105752027236,2.40096927059435,1.66084822124449,3.14109031994422
0.000886537447761041,2.4010343127424,1.6628100103668,3.13925861511801
0.000892002627918794,2.40109935489045,1.66476757032233,3.13743113945858
0.000897501498919763,2.4011643970385,1.66672086841786,3.13560792565914
0.000903034268455712,2.40122943918655,1.6686698716971,3.133789006676
0.000908601145498752,2.4012944813346,1.67061454693921,3.13197441572999
0.000914202340309227,2.40135952348265,1.67255486065734,3.13016418630795
0.000919838064443666,2.40142456563069,1.67449077909723,3.12835835216416
0.000925508530762759,2.40148960777874,1.67642226823572,3.12655694732176
0.000931213953439411,2.40155464992679,1.67834929377943,3.12476000607416
0.000936954547966819,2.40161969207484,1.6802718211633,3.12296756298638
0.000942730531166625,2.40168473422289,1.6821898155493,3.12117965289648
0.000948542121197087,2.40174977637094,1.68410324182503,3.11939631091684
0.000954389537561339,2.40181481851899,1.68601206460244,3.11761757243553
0.000960273001115665,2.40187986066703,1.68791624821651,3.11584347311756
0.000966192734077853,2.40194490281508,1.689815756724,3.11407404890617
0.000972148960035575,2.40200994496313,1.69171055390217,3.11230933602409
0.000978141903954849,2.40207498711118,1.69360060324762,3.11054937097474
0.000984171792188517,2.40214002925923,1.69548586797504,3.10879419054342
0.000990238852484813,2.40220507140728,1.69736631101607,3.10704383179848
0.000996343313995946,2.40227011355533,1.6992418950182,3.10529833209245
0.00100248540728678,2.40233515570337,1.70111258234361,3.10355772906313
0.0010086653643435,2.40240019785142,1.70297833506815,3.10182206063469
0.00101488341858243,2.40246523999947,1.70483911498029,3.10009136501865
0.00102113980485881,2.40253028214752,1.70669488358011,3.09836568071494
0.00102743475947568,2.40259532429557,1.70854560207835,3.09664504651279
0.00103376852019278,2.40266036644362,1.71039123139551,3.09492950149172
0.00104014132623559,2.40272540859167,1.71223173216093,3.0932190850224
0.0010465534183043,2.40279045073972,1.71406706471195,3.09151383676748
0.00105300503858294,2.40285549288776,1.71589718909314,3.08981379668239
0.00105949643074851,2.40292053503581,1.7177220650555,3.08811900501613
0.00106602783998019,2.40298557718386,1.71954165205579,3.08642950231193
0.00107259951296861,2.40305061933191,1.72135590925584,3.08474532940798
0.00107921169792514,2.40311566147996,1.72316479552194,3.08306652743798
0.00108586464459131,2.40318070362801,1.72496826942427,3.08139313783174
0.00109255860424819,2.40324574577606,1.72676628923641,3.07972520231571
0.00109929382972592,2.4033107879241,1.72855881293482,3.07806276291338
0.00110607057541324,2.40337583007215,1.73034579819852,3.07640586194578
0.0011128890972671,2.4034408722202,1.73212720240867,3.07475454203174
0.00111974965282234,2.40350591436825,1.73390298264828,3.07310884608822
0.0011266525012014,2.4035709565163,1.73567309570205,3.07146881733055
0.00113359790312413,2.40363599866435,1.73743749805612,3.06983449927258
0.0011405861209176,2.4037010408124,1.739196145898,3.06820593572679
0.00114761741852606,2.40376608296044,1.74094899511656,3.06658317080433
0.00115469206152085,2.40383112510849,1.74269600130198,3.064966248915
0.00116181031711047,2.40389616725654,1.74443711974595,3.06335521476713
0.00116897245415069,2.40396120940459,1.74617230544176,3.06175011336742
0.00117617874315463,2.40402625155264,1.74790151308456,3.06015099002072
0.00118342945630307,2.40409129370069,1.7496246970717,3.05855789032967
0.00119072486745465,2.40415633584874,1.75134181150314,3.05697086019434
0.00119806525215626,2.40422137799679,1.75305281018186,3.05538994581172
0.00120545088765346,2.40428642014483,1.75475764661448,3.05381519367519
0.00121288205290089,2.40435146229288,1.75645627401187,3.05224665057389
0.00122035902857288,2.40441650444093,1.7581486452899,3.05068436359196
0.00122788209707397,2.40448154658898,1.75983471307023,3.04912838010773
0.00123545154254967,2.40454658873703,1.76151442968122,3.04757874779284
0.0012430676508971,2.40461163088508,1.76318774715894,3.04603551461122
0.00125073070977587,2.40467667303313,1.76485461724823,3.04449872881802
0.00125844100861889,2.40474171518117,1.76651499140393,3.04296843895841
0.0012661988386433,2.40480675732922,1.76816882079216,3.04144469386629
0.00127400449286152,2.40487179947727,1.76981605629164,3.0399275426629
0.00128185826609226,2.40493684162532,1.77145664849529,3.03841703475535
0.0012897604549717,2.40500188377337,1.77309054771174,3.036913219835
0.00129771135796465,2.40506692592142,1.77471770396706,3.03541614787577
0.00130571127537587,2.40513196806947,1.7763380670066,3.03392586913233
0.00131376050936137,2.40519701021752,1.77795158629688,3.03244243413815
0.00132185936393986,2.40526205236556,1.77955821102764,3.03096589370349
0.0013300081450042,2.40532709451361,1.78115789011402,3.02949629891321
0.00133820716033298,2.40539213666166,1.78275057219882,3.02803370112451
0.00134645671960211,2.40545717880971,1.78433620565489,3.02657815196453
0.00135475713439658,2.40552222095776,1.7859147385877,3.02512970332782
0.00136310871822215,2.40558726310581,1.78748611883792,3.02368840737369
0.00137151178651723,2.40565230525386,1.78905029398426,3.02225431652345
0.00137996665666483,2.4057173474019,1.79060721134636,3.02082748345745
0.00138847364800446,2.40578238954995,1.79215681798781,3.0194079611121
0.00139703308184429,2.405847431698,1.79369906071937,3.01799580267664
0.0014056452814732,2.40591247384605,1.79523388610226,3.01659106158984
0.00141431057217304,2.4059775159941,1.79676124045163,3.01519379153657
0.00142302928123092,2.40604255814215,1.79828106984015,3.01380404644414
0.00143180173795153,2.4061076002902,1.79979332010177,3.01242188047862
0.00144062827366962,2.40617264243825,1.8012979368356,3.01104734804089
0.0014495092217625,2.40623768458629,1.80279486540995,3.00968050376264
0.00145844491766262,2.40630272673434,1.80428405096653,3.00832140250215
0.00146743569887024,2.40636776888239,1.80576543842479,3.00697009933999
0.00147648190496622,2.40643281103044,1.80723897248644,3.00562664957444
0.00148558387762477,2.40649785317849,1.80870459764007,3.00429110871691
0.00149474196062643,2.40656289532654,1.81016225816601,3.00296353248706
0.001503956499871,2.40662793747459,1.8116118981413,3.00164397680787
0.00151322784339064,2.40669297962263,1.81305346144482,3.00033249780045
0.001522556341363,2.40675802177068,1.81448689176261,2.99902915177875
0.00153194234612444,2.40682306391873,1.81591213259336,2.9977339952441
0.00154138621218335,2.40688810606678,1.81732912725404,2.99644708487952
0.00155088829623353,2.40695314821483,1.81873781888571,2.99516847754394
0.00156044895716768,2.40701819036288,1.82013815045955,2.9938982302662
0.00157006855609092,2.40708323251093,1.82153006478298,2.99263640023887
0.00157974745633448,2.40714827465897,1.82291350450604,2.99138304481191
0.00158948602346938,2.40721331680702,1.82428841212786,2.99013822148619
0.00159928462532024,2.40727835895507,1.82565473000341,2.98890198790674
0.00160914363197921,2.40734340110312,1.82701240035034,2.9876744018559
0.00161906341581991,2.40740844325117,1.82836136525606,2.98645552124628
0.00162904435151149,2.40747348539922,1.82970156668496,2.98524540411347
0.00163908681603283,2.40753852754727,1.83103294648585,2.98404410860868
0.00164919118868674,2.40760356969532,1.83235544639955,2.98285169299108
0.00165935785111427,2.40766861184336,1.8336690080667,2.98166821562003
0.00166958718730918,2.40773365399141,1.83497357303572,2.9804937349471
0.00167987958363238,2.40779869613946,1.83626908277101,2.97932830950792
0.00169023542882659,2.40786373828751,1.83755547866123,2.97817199791379
0.00170065511403096,2.40792878043556,1.83883270202793,2.97702485884319
0.00171113903279588,2.40799382258361,1.84010069413419,2.97588695103302
0.00172168758109783,2.40805886473166,1.8413593961936,2.97475833326971
0.00173230115735434,2.4081239068797,1.84260874937931,2.9736390643801
0.00174298016243905,2.40818894902775,1.84384869483335,2.97252920322216
0.00175372499969683,2.4082539911758,1.84507917367608,2.97142880867552
0.00176453607495903,2.40831903332385,1.84630012701587,2.97033793963183
0.00177541379655879,2.4083840754719,1.84751149595894,2.96925665498485
0.00178635857534649,2.40844911761995,1.84871322161939,2.9681850136205
0.00179737082470524,2.408514159768,1.8499052451294,2.96712307440659
0.00180845096056652,2.40857920191604,1.85108750764967,2.96607089618242
0.00181959940142586,2.40864424406409,1.85225995037994,2.96502853774825
0.00183081656835869,2.40870928621214,1.85342251456981,2.96399605785448
0.00184210288503617,2.40877432836019,1.85457514152963,2.96297351519075
0.00185345877774129,2.40883937050824,1.85571777264168,2.9619609683748
0.00186488467538487,2.40890441265629,1.85685034937136,2.96095847594122
0.00187638100952186,2.40896945480434,1.85797281327875,2.95996609632992
0.00188794821436755,2.40903449695239,1.85908510603021,2.95898388787456
0.00189958672681402,2.40909953910043,1.86018716941015,2.95801190879072
0.00191129698644663,2.40916458124848,1.86127894533304,2.95705021716392
0.00192307943556063,2.40922962339653,1.86236037585553,2.95609887093753
0.00193493451917786,2.40929466554458,1.86343140318872,2.95515792790044
0.00194686268506354,2.40935970769263,1.86449196971062,2.95422744567464
0.00195886438374322,2.40942474984068,1.86554201797873,2.95330748170262
0.00197094006851977,2.40948979198873,1.86658149074281,2.95239809323464
0.00198309019549049,2.40955483413677,1.86761033095775,2.9514993373158
0.00199531522356438,2.40961987628482,1.86862848179658,2.95061127077307
0.00200761561447942,2.40968491843287,1.86963588666368,2.94973395020206
0.00201999183282007,2.40974996058092,1.87063248920806,2.94886743195378
0.00203244434603474,2.40981500272897,1.87161823333674,2.9480117721212
0.00204497362445354,2.40988004487702,1.87259306322836,2.94716702652567
0.00205758014130595,2.40994508702507,1.8735569233468,2.94633325070334
0.00207026437273876,2.41001012917312,1.87450975845494,2.94551049989129
0.00208302679783402,2.41007517132116,1.8754515136286,2.94469882901373
0.00209586789862717,2.41014021346921,1.87638213427041,2.94389829266801
0.00210878816012517,2.41020525561726,1.87730156612399,2.94310894511053
0.00212178807032494,2.41027029776531,1.87820975528804,2.94233084024258
0.00213486812023166,2.41033533991336,1.87910664823057,2.94156403159615
0.00214802880387744,2.41040038206141,1.87999219180324,2.94080857231957
0.00216127061833985,2.41046542420946,1.88086633325574,2.94006451516318
0.00217459406376082,2.4105304663575,1.88172902025018,2.93933191246483
0.00218799964336543,2.41059550850555,1.88258020087563,2.93861081613548
0.002201487863481,2.4106605506536,1.88341982366262,2.93790127764458
0.00221505923355613,2.41072559280165,1.88424783759773,2.93720334800557
0.00222871426618003,2.4107906349497,1.88506419213816,2.93651707776124
0.00224245347710179,2.41085567709775,1.88586883722639,2.93584251696911
0.00225627738524994,2.4109207192458,1.88666172330477,2.93517971518682
0.00227018651275199,2.41098576139384,1.88744280133021,2.93452872145748
0.00228418138495421,2.41105080354189,1.88821202278876,2.93388958429503
0.00229826253044139,2.41111584568994,1.88896933971026,2.93326235166962
0.0023124304810569,2.41118088783799,1.88971470468295,2.93264707099303
0.0023266857719227,2.41124592998604,1.89044807086802,2.93204378910405
0.00234102894145959,2.41131097213409,1.89116939201415,2.93145255225402
0.00235546053140754,2.41137601428214,1.89187862247199,2.93087340609228
0.00236998108684616,2.41144105643019,1.89257571720857,2.9303063956518
0.00238459115621524,2.41150609857823,1.89326063182169,2.92975156533477
0.00239929129133556,2.41157114072628,1.89393332255418,2.92920895889839
0.00241408204742961,2.41163618287433,1.89459374630806,2.9286786194406
0.00242896398314267,2.41170122502238,1.89524186065872,2.92816058938604
0.00244393766056385,2.41176626717043,1.89587762386881,2.92765491047204
0.00245900364524733,2.41183130931848,1.8965009949022,2.92716162373475
0.00247416250623374,2.41189635146653,1.89711193343768,2.92668076949537
0.00248941481607161,2.41196139361457,1.89771039988257,2.92621238734658
0.00250476115083905,2.41202643576262,1.89829635538623,2.92575651613902
0.00252020209016547,2.41209147791067,1.89886976185332,2.92531319396802
0.00253573821725348,2.41215652005872,1.89943058195699,2.92488245816045
0.00255137011890094,2.41222156220677,1.89997877915182,2.92446434526171
0.00256709838552309,2.41228660435482,1.90051431768664,2.924058891023
0.00258292361117486,2.41235164650287,1.90103716261705,2.92366613038868
0.00259884639357332,2.41241668865091,1.90154727981791,2.92328609748392
0.00261486733412025,2.41248173079896,1.90204463599543,2.9229188256025
0.00263098703792485,2.41254677294701,1.90252919869912,2.9225643471949
0.00264720611382659,2.41261181509506,1.90300093633357,2.92222269385655
0.00266352517441823,2.41267685724311,1.90345981816985,2.92189389631637
0.00267994483606893,2.41274189939116,1.90390581435674,2.92157798442558
0.00269646571894753,2.41280694153921,1.90433889593171,2.9212749871467
0.00271308844704601,2.41287198368726,1.90475903483161,2.9209849325429
0.00272981364820302,2.4129370258353,1.90516620390302,2.92070784776759
0.00274664195412761,2.41300206798335,1.90556037691243,2.92044375905428
0.00276357400042307,2.4130671101314,1.905941528556,2.9201926917068
0.00278061042661098,2.41313215227945,1.90630963446914,2.91995467008976
0.00279775187615531,2.4131971944275,1.90666467123564,2.91972971761936
0.00281499899648678,2.41326223657555,1.9070066163966,2.91951785675449
0.00283235243902724,2.4133272787236,1.90733544845896,2.91931910898823
0.00284981285921438,2.41339232087164,1.90765114690371,2.91913349483958
0.00286738091652637,2.41345736301969,1.90795369219374,2.91896103384565
0.00288505727450684,2.41352240516774,1.9082430657814,2.91880174455408
0.00290284260078994,2.41358744731579,1.90851925011565,2.91865564451593
0.00292073756712553,2.41365248946384,1.90878222864881,2.91852275027887
0.00293874284940455,2.41371753161189,1.90903198584304,2.91840307738074
0.00295685912768458,2.41378257375994,1.90926850717636,2.91829664034352
0.0029750870862155,2.41384761590799,1.90949177914833,2.91820345266764
0.00299342741346533,2.41391265805603,1.90970178928535,2.91812352682672
0.00301188080214628,2.41397770020408,1.90989852614551,2.91805687426265
0.00303044794924083,2.41404274235213,1.91008197932311,2.91800350538115
0.00304912955602814,2.41410778450018,1.91025213945277,2.91796342954759
0.00306792632811048,2.41417282664823,1.9104089982131,2.91793665508335
0.00308683897543992,2.41423786879628,1.91055254832999,2.91792318926256
0.00310586821234509,2.41430291094433,1.9106827835795,2.91792303830915
0.00312501475755824,2.41436795309237,1.91079969879031,2.91793620739444
0.00314427933424231,2.41443299524042,1.91090328984577,2.91796270063508
0.0031636626700183,2.41449803738847,1.91099355368554,2.9180025210914
0.00318316549699269,2.41456307953652,1.91107048830681,2.91805567076623
0.00320278855178519,2.41462812168457,1.91113409276506,2.91812215060408
0.00322253257555643,2.41469316383262,1.91118436717449,2.91820196049075
0.0032423983140361,2.41475820598067,1.91122131270792,2.91829509925341
0.00326238651755097,2.41482324812872,1.91124493159638,2.91840156466105
0.00328249794105335,2.41488829027676,1.91125522712815,2.91852135342537
0.00330273334414954,2.41495333242481,1.91125220364755,2.91865446120208
0.00332309349112854,2.41501837457286,1.91123586655312,2.9188008825926
0.00334357915099089,2.41508341672091,1.91120622229556,2.91896061114626
0.00336419109747778,2.41514845886896,1.91116327837514,2.91913363936278
0.0033849301091002,2.41521350101701,1.91110704333872,2.91931995869529
0.00340579696916839,2.41527854316506,1.91103752677643,2.91951955955368
0.0034267924658214,2.4153435853131,1.91095473931782,2.91973243130839
0.00344791739205689,2.41540862746115,1.91085869262774,2.91995856229457
0.00346917254576103,2.4154736696092,1.91074939940171,2.92019793981669
0.00349055872973871,2.41553871175725,1.91062687336099,2.92045055015351
0.00351207675174378,2.4156037539053,1.91049112924716,2.92071637856343
0.00353372742450962,2.41566879605335,1.91034218281642,2.92099540929027
0.00355551156577981,2.4157338382014,1.91018005083343,2.92128762556937
0.00357742999833902,2.41579888034944,1.91000475106478,2.92159300963411
0.00359948355004408,2.41586392249749,1.90981630227219,2.92191154272279
0.00362167305385528,2.41592896464554,1.9096147242052,2.92224320508588
0.00364399934786777,2.41599400679359,1.9094000375936,2.92258797599358
0.00366646327534329,2.41605904894164,1.9091722641395,2.92294583374378
0.00368906568474195,2.41612409108969,1.90893142650903,2.92331675567035
0.00371180742975433,2.41618913323774,1.90867754832372,2.92370071815175
0.00373468936933367,2.41625417538579,1.90841065415156,2.92409769662001
0.00375771236772839,2.41631921753383,1.90813076949772,2.92450766556994
0.00378087729451464,2.41638425968188,1.907837920795,2.92493059856876
0.00380418502462922,2.41644930182993,1.9075321353939,2.92536646826596
0.00382763643840258,2.41651434397798,1.90721344155247,2.92581524640349
0.00385123242159211,2.41657938612603,1.90688186842584,2.92627690382621
0.00387497386541553,2.41664442827408,1.90653744605549,2.92675141049266
0.00389886166658464,2.41670947042213,1.90618020535821,2.92723873548604
0.0039228967273391,2.41677451257017,1.90581017811484,2.92773884702551
0.00394707995548058,2.41683955471822,1.90542739695876,2.92825171247769
0.003971412264407,2.41690459686627,1.9050318953641,2.92877729836845
0.00399589457314705,2.41696963901432,1.90462370763377,2.92931557039487
0.00402052780639488,2.41703468116237,1.90420286888723,2.92986649343751
0.00404531289454508,2.41709972331042,1.90376941504805,2.93043003157279
0.00407025077372774,2.41716476545847,1.9033233828313,2.93100614808563
0.00409534238584389,2.41722980760651,1.9028648097307,2.93159480548233
0.004120588678601,2.41729484975456,1.90239373400562,2.93219596550351
0.00414599060554885,2.41735989190261,1.90191019466789,2.93280958913733
0.00417154912611547,2.41742493405066,1.90141423146849,2.93343563663283
0.00419726520564343,2.41748997619871,1.90090588488399,2.93407406751343
0.00422313981542629,2.41755501834676,1.90038519610294,2.93472484059057
0.00424917393274528,2.41762006049481,1.89985220701212,2.93538791397749
0.0042753685409062,2.41768510264286,1.89930696018257,2.93606324510314
0.00430172462927658,2.4177501447909,1.89874949885566,2.93675079072615
0.00432824319332305,2.41781518693895,1.89817986692888,2.93745050694902
0.00435492523464891,2.417880229087,1.89759810894173,2.93816234923227
0.00438177176103199,2.41794527123505,1.89700427006133,2.93888627240877
0.0044087837864627,2.4180103133831,1.8963983960681,2.9396222306981
0.00443596233118233,2.41807535553115,1.89578053334131,2.94037017772099
0.00446330842172159,2.4181403976792,1.89515072884459,2.9411300665138
0.00449082309093938,2.41820543982724,1.8945090301114,2.94190184954309
0.00451850737806179,2.41827048197529,1.8938554852304,2.94268547872018
0.00454636232872136,2.41833552412334,1.89319014283094,2.94348090541575
0.00457438899499658,2.41840056627139,1.89251305206833,2.94428808047446
0.00460258843545163,2.41846560841944,1.89182426260927,2.9451069542296
0.00463096171517631,2.41853065056749,1.89112382461722,2.94593747651775
0.00465950990582638,2.41859569271554,1.89041178873771,2.94677959669336
0.00468823408566389,2.41866073486359,1.88968820608377,2.9476332636434
0.00471713533959804,2.41872577701163,1.88895312822133,2.94849842580194
0.00474621475922607,2.41879081915968,1.88820660715464,2.94937503116472
0.00477547344287454,2.41885586130773,1.88744869531178,2.95026302730368
0.00480491249564077,2.41892090345578,1.88667944553013,2.95116236138143
0.00483453302943462,2.41898594560383,1.885898911042,2.95207298016566
0.00486433616302046,2.41905098775188,1.88510714546024,2.95299483004352
0.00489432302205943,2.41911602989993,1.88430420276395,2.95392785703591
0.00492449473915198,2.41918107204797,1.88349013728426,2.95487200681169
0.00495485245388061,2.41924611419602,1.88266500369022,2.95582722470183
0.00498539731285293,2.41931115634407,1.88182885697469,2.95679345571345
0.00501613046974499,2.41937619849212,1.88098175244045,2.95777064454379
0.0050470530853448,2.41944124064017,1.88012374568632,2.95875873559402
0.00507816632759624,2.41950628278822,1.87925489259339,2.95975767298304
0.00510947137164309,2.41957132493627,1.87837524931144,2.96076740056109
0.00514096939987353,2.41963636708431,1.87748487224535,2.96178786192327
0.00517266160196467,2.41970140923236,1.87658381804179,2.96281900042294
0.00520454917492758,2.41976645138041,1.87567214357586,2.96386075918497
0.00523663332315245,2.41983149352846,1.87474990593802,2.9649130811189
0.00526891525845412,2.41989653567651,1.87381716242109,2.96597590893193
0.00530139620011779,2.41996157782456,1.87287397050733,2.96704918514179
0.00533407737494515,2.42002661997261,1.87192038785581,2.96813285208941
0.00536696001730063,2.42009166212066,1.87095647228978,2.96922685195153
0.00540004536915812,2.4201567042687,1.86998228178431,2.9703311267531
0.00543333468014777,2.42022174641675,1.868997874454,2.97144561837951
0.00546682920760329,2.4202867885648,1.86800330854089,2.97257026858871
0.00550053021660936,2.42035183071285,1.86699864240257,2.97370501902313
0.00553443898004949,2.4204168728609,1.86598393450034,2.97484981122145
0.00556855677865399,2.42048191500895,1.8649592433877,2.9760045866302
0.00560288490104847,2.420546957157,1.86392462769883,2.97716928661516
0.00563742464380239,2.42061199930504,1.86288014613742,2.97834385247267
0.00567217731147814,2.42067704145309,1.86182585746555,2.97952822544064
0.00570714421668021,2.42074208360114,1.86076182049279,2.98072234670949
0.00574232668010487,2.42080712574919,1.8596880940655,2.98192615743288
0.00577772603058995,2.42087216789724,1.85860473705626,2.98313959873822
0.00581334360516513,2.42093721004529,1.85751180835353,2.98436261173705
0.00584918074910236,2.42100225219334,1.85640936685146,2.98559513753521
0.0058852388159667,2.42106729434138,1.85529747143995,2.98683711724282
0.00592151916766745,2.42113233648943,1.85417618099474,2.98808849198413
0.00595802317450961,2.42119737863748,1.8530455543679,2.98934920290706
0.00599475221524556,2.42126242078553,1.85190565037834,2.99061919119272
0.00603170767712724,2.42132746293358,1.85075652780256,2.9918983980646
0.00606889095595845,2.42139250508163,1.84959824536559,2.99318676479766
0.00610630345614763,2.42145754722968,1.84843086173217,2.99448423272718
0.00614394659076088,2.42152258937773,1.847254435498,2.99579074325745
0.00618182178157535,2.42158763152577,1.84606902518125,2.99710623787029
0.00621993045913292,2.42165267367382,1.84487468921431,2.99843065813333
0.00625827406279423,2.42171771582187,1.84367148593559,2.99976394570815
0.00629685404079307,2.42178275796992,1.84245947358163,3.00110604235821
0.00633567185029105,2.42184780011797,1.84123871027932,3.00245688995662
0.00637472895743266,2.42191284226602,1.84000925403836,3.00381643049368
0.00641402683740062,2.42197788441407,1.83877116274386,3.00518460608427
0.00645356697447164,2.42204292656211,1.83752449414913,3.0065613589751
0.00649335086207243,2.42210796871016,1.8362693058687,3.00794663155163
0.00653338000283614,2.42217301085821,1.83500565537142,3.009340366345
0.00657365590865912,2.42223805300626,1.83373359997386,3.01074250603866
0.00661418010075798,2.42230309515431,1.83245319683381,3.01215299347481
0.0066549541097271,2.42236813730236,1.83116450294397,3.01357177166075
0.00669597947559641,2.42243317945041,1.82986757512582,3.01499878377499
0.00673725774788956,2.42249822159846,1.82856247002368,3.01643397317323
0.00677879048568245,2.4225632637465,1.82724924409893,3.01787728339408
0.00682057925766212,2.42262830589455,1.82592795362439,3.01932865816472
0.00686262564218598,2.4226933480426,1.82459865467887,3.02078804140633
0.00690493122734144,2.42275839019065,1.82326140314192,3.02225537723938
0.00694749761100592,2.4228234323387,1.8219162546887,3.02373060998869
0.00699032640090713,2.42288847448675,1.82056326478505,3.02521368418844
0.00703341921468385,2.4229535166348,1.81920248868268,3.02670454458691
0.00707677767994703,2.42301855878284,1.81783398141458,3.0282031361511
0.00712040343434122,2.42308360093089,1.81645779779052,3.02970940407126
0.00716429812560648,2.42314864307894,1.81507399239276,3.03122329376513
0.00720846341164057,2.42321368522699,1.81368261957185,3.03274475088213
0.00725290096056158,2.42327872737504,1.8122837334427,3.03427372130737
0.00729761245077096,2.42334376952309,1.81087738788064,3.03581015116554
0.00734259957101687,2.42340881167114,1.80946363651773,3.03735398682454
0.007387864020458,2.42347385381919,1.80804253273923,3.03890517489914
0.00743340750872774,2.42353889596723,1.8066141296801,3.04046366225437
0.00747923175599873,2.42360393811528,1.80517848022179,3.04202939600877
0.00752533849304786,2.42366898026333,1.80373563698904,3.04360232353762
0.00757172946132163,2.42373402241138,1.80228565234687,3.04518239247589
0.0076184064130019,2.42379906455943,1.80082857839771,3.04676955072115
0.00766537111107212,2.42386410670748,1.79936446697865,3.0483637464363
0.00771262532938388,2.42392914885553,1.79789336965883,3.04996492805223
0.00776017085272392,2.42399419100357,1.79641533773688,3.05157304427027
0.00780800947688153,2.42405923315162,1.79493042223864,3.05318804406461
0.00785614300871639,2.42412427529967,1.79343867391482,3.05480987668452
0.00790457326622683,2.42418931744772,1.79194014323894,3.0564384916565
0.00795330207861844,2.42425435959577,1.79043488040527,3.05807383878627
0.00800233128637324,2.42431940174382,1.78892293532691,3.05971586816072
0.00805166274131912,2.42438444389187,1.78740435763407,3.06136453014966
0.00810129830669982,2.42444948603991,1.78587919667231,3.06301977540751
0.0081512398572453,2.42451452818796,1.78434750150104,3.06468155487489
0.00820148927924255,2.42457957033601,1.78280932089197,3.06634981978006
0.00825204847060682,2.42464461248406,1.78126470332782,3.0680245216403
0.00830291934095334,2.42470965463211,1.77971369700102,3.0697056122632
0.00835410381166939,2.42477469678016,1.77815634981255,3.07139304374777
0.00840560381598692,2.42483973892821,1.77659270937085,3.07308676848556
0.00845742129905556,2.42490478107625,1.77502282299088,3.07478673916163
0.00850955821801605,2.4249698232243,1.77344673769322,3.07649290875539
0.00856201654207422,2.42503486537235,1.77186450020324,3.07820523054146
0.00861479825257532,2.4250999075204,1.77027615695046,3.07992365809034
0.00866790534307886,2.42516494966845,1.76868175406788,3.08164814526902
0.00872133981943394,2.4252299918165,1.76708133739143,3.08337864624157
0.00877510369985498,2.42529503396455,1.76547495245955,3.08511511546954
0.00882919901499795,2.4253600761126,1.76386264451282,3.08685750771238
0.00888362780803708,2.42542511826064,1.76224445849357,3.08860577802771
0.00893839213474202,2.42549016040869,1.76062043904578,3.09035988177161
0.0089934940635555,2.42555520255674,1.75899063051481,3.09211977459867
0.00904893567567144,2.42562024470479,1.7573550769474,3.09388541246218
0.00910471906511355,2.42568528685284,1.7557138220916,3.09565675161407
0.00916084633881445,2.42575032900089,1.75406690939687,3.09743374860491
0.00921731961669522,2.42581537114894,1.75241438201415,3.09921636028372
0.00927414103174548,2.42588041329698,1.75075628279608,3.10100454379789
0.00933131273010398,2.42594545544503,1.74909265429723,3.10279825659283
0.00938883687113959,2.42601049759308,1.74742353877441,3.10459745641176
0.00944671562753293,2.42607553974113,1.74574897818701,3.10640210129526
0.00950495118535841,2.42614058188918,1.74406901419744,3.10821214958092
0.00956354574416676,2.42620562403723,1.7423836881716,3.11002755990286
0.00962250151706816,2.42627066618528,1.74069304117941,3.11184829119114
0.00968182073081581,2.42633570833333,1.73899711399536,3.11367430267129
0.00974150562589003,2.42640075048137,1.73729594709917,3.11550555386358
0.00980155845658287,2.42646579262942,1.73558958067645,3.11734200458239
0.00986198149108329,2.42653083477747,1.73387805461942,3.11918361493552
0.00992277701156279,2.42659587692552,1.73216140852767,3.12103034532337
0.00998394731426164,2.42666091907357,1.730439681709,3.12288215643814
0.0100454947095756,2.42672596122162,1.72871291318022,3.12473900926301
0.0101074215221431,2.42679100336967,1.72698114166811,3.12660086507122
0.0101697300909333,2.42685604551771,1.72524440561028,3.12846768542515
0.010232422769334,2.42692108766576,1.7235027431562,3.13033943217532
0.010295501925241,2.42698612981381,1.72175619216817,3.13221606745945
0.0103589699411472,2.42705117196186,1.72000479022237,3.13409755370135
0.0104228292142327,2.42711621410991,1.71824857460993,3.13598385360989
0.0104870821564554,2.42718125625796,1.71648758233806,3.13787493017786
0.0105517311946421,2.42724629840601,1.71472185013115,3.13977074668086
0.0106167787705799,2.42731134055406,1.71295141443198,3.14167126667613
0.0106822273411087,2.4273763827021,1.71117631140287,3.14357645400134
0.010748079378214,2.42744142485015,1.70939657692696,3.14548627277334
0.0108143373691203,2.4275064669982,1.70761224660941,3.14740068738699
0.0108810038163845,2.42757150914625,1.70582335577871,3.14931966251379
0.0109480812379914,2.4276365512943,1.70402993948795,3.15124316310065
0.0110155721674479,2.42770159344235,1.70223203251619,3.15317115436851
0.011083479153879,2.4277666355904,1.70042966936974,3.15510360181105
0.0111518047621245,2.42783167773844,1.69862288428361,3.15704047119328
0.0112205515728351,2.42789671988649,1.69681171122281,3.15898172855018
0.0112897221825705,2.42796176203454,1.69499618388381,3.16092734018527
0.0113593192038972,2.42802680418259,1.69317633569596,3.16287727266922
0.0114293452654872,2.42809184633064,1.69135219982291,3.16483149283837
0.0114998030122172,2.42815688847869,1.68952380916408,3.1667899677933
0.0115706951052689,2.42822193062674,1.68769119635613,3.16875266489734
0.0116420242222289,2.42828697277478,1.68585439377447,3.1707195517751
0.0117137930571902,2.42835201492283,1.6840134335347,3.17269059631097
0.0117860043208541,2.42841705707088,1.6821683474942,3.17466576664756
0.0118586607406322,2.42848209921893,1.6803191672536,3.17664503118426
0.0119317650607497,2.42854714136698,1.67846592415835,3.17862835857561
0.0120053200423488,2.42861218351503,1.67660864930023,3.18061571772982
0.0120793284635933,2.42867722566308,1.67474737351898,3.18260707780718
0.0121537931197733,2.42874226781113,1.67288212740376,3.18460240821849
0.0122287168234108,2.42880730995917,1.67101294129483,3.18660167862352
0.0123041024043661,2.42887235210722,1.66913984528508,3.18860485892937
0.0123799527099444,2.42893739425527,1.6672628692216,3.19061191928894
0.0124562706050037,2.42900243640332,1.66538204270734,3.1926228300993
0.0125330589720625,2.42906747855137,1.66349739510265,3.19463756200008
0.0126103207114093,2.42913252069942,1.66160895552694,3.19665608587189
0.0126880587412116,2.42919756284747,1.65971675286024,3.19867837283469
0.0127662759976264,2.42926260499551,1.65782081574486,3.20070439424617
0.0128449754349112,2.42932764714356,1.65592117258698,3.20273412170014
0.0129241600255351,2.42939268929161,1.6540178515583,3.20476752702492
0.0130038327602916,2.42945773143966,1.65211088059764,3.20680458228168
0.0130839966484113,2.42952277358771,1.65020028741258,3.20884525976283
0.0131646547176758,2.42958781573576,1.64828609948109,3.21088953199042
0.0132458100145314,2.42965285788381,1.64636834405315,3.21293737171446
0.0133274656042052,2.42971790003185,1.6444470481524,3.21498875191131
0.0134096245708198,2.4297829421799,1.64252223857773,3.21704364578208
0.0134922900175107,2.42984798432795,1.64059394190497,3.21910202675093
0.0135754650665429,2.429913026476,1.63866218448847,3.22116386846353
0.0136591528594289,2.42997806862405,1.63672699246275,3.22322914478535
0.0137433565570478,2.4300431107721,1.63478839174412,3.22529782980008
0.0138280793397641,2.43010815292015,1.63284640803229,3.227369897808
0.0139133244075482,2.4301731950682,1.63090106681205,3.22944532332434
0.0139990949800971,2.43023823721624,1.62895239335482,3.23152408107766
0.0140853942969561,2.43030327936429,1.62700041272031,3.23360614600828
0.0141722256176412,2.43036832151234,1.6250451497581,3.23569149326658
0.0142595922217619,2.43043336366039,1.6230866291093,3.23778009821148
0.0143474974091455,2.43049840580844,1.62112487520811,3.23987193640877
0.0144359444999615,2.43056344795649,1.61915991228345,3.24196698362952
0.0145249368348469,2.43062849010454,1.61719176436056,3.24406521584852
0.0146144777750327,2.43069353225258,1.61522045526254,3.24616660924263
0.0147045707024705,2.43075857440063,1.61324600861204,3.24827114018923
0.0147952190199606,2.43082361654868,1.61126844783273,3.25037878526463
0.0148864261512799,2.43088865869673,1.60928779615097,3.25248952124249
0.0149781955413123,2.43095370084478,1.60730407659732,3.25460332509224
0.0150705306561775,2.43101874299283,1.60531731200815,3.25672017397751
0.015163434983363,2.43108378514088,1.60332752502716,3.25884004525459
0.0152569120318551,2.43114882728893,1.60133473810697,3.26096291647088
0.015350965332272,2.43121386943697,1.59933897351065,3.2630887653633
0.0154455984369966,2.43127891158502,1.59734025331325,3.26521756985679
0.0155408149203112,2.43134395373307,1.59533859940336,3.26734930806278
0.0156366183785321,2.43140899588112,1.59333403348462,3.26948395827762
0.0157330124301455,2.43147403802917,1.59132657707724,3.2716214989811
0.0158300007159445,2.43153908017722,1.58931625151952,3.27376190883492
0.0159275868991661,2.43160412232527,1.58730307796933,3.2759051666812
0.0160257746656299,2.43166916447331,1.58528707740567,3.27805125154096
0.0161245677238774,2.43173420662136,1.58326827063007,3.28020014261266
0.0162239698053117,2.43179924876941,1.58124667826814,3.28235181927068
0.0163239846643387,2.43186429091746,1.57922232077103,3.28450626106389
0.0164246160785089,2.43192933306551,1.57719521841688,3.28666344771413
0.0165258678486599,2.43199437521356,1.57516539131228,3.28882335911483
0.0166277437990603,2.43205941736161,1.57313285939373,3.29098597532948
0.0167302477775536,2.43212445950965,1.57109764242907,3.29315127659024
0.0168333836557042,2.4321895016577,1.56905976001892,3.29531924329648
0.0169371553289429,2.43225454380575,1.5670192315981,3.2974898560134
0.0170415667167149,2.4323195859538,1.56497607643705,3.29966309547055
0.0171466217626269,2.43238462810185,1.56293031364321,3.30183894256049
0.0172523244345967,2.4324496702499,1.56088196216247,3.30401737833733
0.0173586787250028,2.43251471239795,1.55883104078051,3.30619838401539
0.0174656886508354,2.432579754546,1.55677756812419,3.3083819409678
0.0175733582538477,2.43264479669404,1.55472156266293,3.31056803072515
0.0176816916007093,2.43270983884209,1.5526630427101,3.31275663497409
0.0177906927831588,2.43277488099014,1.55060202642428,3.314947735556
0.0179003659181592,2.43283992313819,1.54853853181073,3.31714131446565
0.018010715148053,2.43290496528624,1.54647257672261,3.31933735384987
0.0181217446407187,2.43297000743429,1.54440417886237,3.3215358360062
0.0182334585897284,2.43303504958234,1.54233335578306,3.32373674338161
0.0183458612145058,2.43310009173038,1.54026012488961,3.32594005857116
0.018458956760486,2.43316513387843,1.53818450344016,3.32814576431671
0.0185727494992756,2.43323017602648,1.53610650854731,3.33035384350566
0.018687243728814,2.43329521817453,1.53402615717943,3.33256427916963
0.018802443773536,2.43336026032258,1.53194346616193,3.33477705448322
0.0189183539845349,2.43342530247063,1.5298584521785,3.33699215276276
0.0190349787397269,2.43349034461868,1.52777113177236,3.33920955746499
0.0191523224440164,2.43355538676673,1.52568152134753,3.34142925218592
0.0192703895294624,2.43362042891477,1.52358963717003,3.34365122065952
0.0193891844554462,2.43368547106282,1.52149549536913,3.34587544675652
0.0195087117088392,2.43375051321087,1.51939911193853,3.34810191448321
0.019628975804173,2.43381555535892,1.5173005027376,3.35033060798024
0.0197499812838094,2.43388059750697,1.51519968349256,3.35256151152138
0.0198717327181125,2.43394563965502,1.51309666979765,3.35479460951238
0.0199942347056207,2.43401068180307,1.51099147711633,3.3570298864898
0.020117491873221,2.43407572395111,1.50888412078245,3.35926732711978
0.0202415088763233,2.43414076609916,1.50677461600136,3.36150691619697
0.0203662903990365,2.43420580824721,1.50466297785113,3.3637486386433
0.0204918411543452,2.43427085039526,1.50254922128363,3.36599247950689
0.020618165884288,2.43433589254331,1.50043336112569,3.36823842396093
0.0207452693601362,2.43440093469136,1.49831541208022,3.3704864573025
0.0208731563825746,2.43446597683941,1.4961953887273,3.37273656495151
0.0210018317818822,2.43453101898745,1.49407330552532,3.37498873244959
0.0211313004181148,2.4345960611355,1.49194917681203,3.37724294545898
0.0212615671812891,2.43466110328355,1.48982301680566,3.37949918976145
0.0213926369915666,2.4347261454316,1.48769483960598,3.38175745125723
0.0215245147994399,2.43479118757965,1.48556465919535,3.38401771596395
0.0216572055859197,2.4348562297277,1.48343248943983,3.38627997001556
0.0217907143627226,2.43492127187575,1.48129834409018,3.38854419966132
0.0219250461724608,2.4349863140238,1.47916223678289,3.3908103912647
0.0220602060888323,2.43505135617184,1.47702418104127,3.39307853130241
0.0221961992168125,2.43511639831989,1.47488419027643,3.39534860636335
0.0223330306928473,2.43518144046794,1.47274227778829,3.3976206031476
0.0224707056850468,2.43524648261599,1.47059845676659,3.39989450846539
0.0226092293933806,2.43531152476404,1.46845274029192,3.40217030923615
0.0227486070498743,2.43537656691209,1.46630514133667,3.40444799248751
0.0228888439188069,2.43544160906014,1.46415567276599,3.40672754535428
0.0230299452969098,2.43550665120818,1.46200434733883,3.40900895507754
0.0231719165135671,2.43557169335623,1.45985117770884,3.41129220900362
0.0233147629310161,2.43563673550428,1.45769617642535,3.41357729458321
0.0234584899445507,2.43570177765233,1.4555393559343,3.41586419937036
0.0236031029827248,2.43576681980038,1.45338072857921,3.41815291102155
0.0237486075075572,2.43583186194843,1.45122030660205,3.4204434172948
0.0238950090147382,2.43589690409648,1.44905810214424,3.42273570604872
0.0240423130338369,2.43596194624453,1.44689412724747,3.42502976524158
0.0241905251285102,2.43602698839257,1.44472839385469,3.42732558293045
0.0243396508967131,2.43609203054062,1.44256091381096,3.42962314727028
0.0244896959709097,2.43615707268867,1.44039169886433,3.43192244651302
0.0246406660182863,2.43622211483672,1.43822076066674,3.4342234690067
0.0247925667409654,2.43628715698477,1.43604811077491,3.43652620319463
0.0249454038762209,2.43635219913282,1.43387376065114,3.43883063761449
0.0250991831966949,2.43641724128087,1.43169772166426,3.44113676089747
0.0252539105106158,2.43648228342891,1.42952000509039,3.44344456176744
0.0254095916620177,2.43654732557696,1.42734062211382,3.4457540290401
0.0255662325309608,2.43661236772501,1.42515958382786,3.44806515162216
0.0257238390337539,2.43667740987306,1.42297690123563,3.45037791851049
0.0258824171231776,2.43674245202111,1.4207925852509,3.45269231879131
0.0260419727887093,2.43680749416916,1.4186066466989,3.45500834163941
0.0262025120567493,2.43687253631721,1.41641909631712,3.4573259763173
0.0263640409908485,2.43693757846525,1.41422994475608,3.45964521217443
0.0265265656919373,2.4370026206133,1.41203920258017,3.46196603864643
0.0266900922985562,2.43706766276135,1.4098468802684,3.4642884452543
0.0268546269870874,2.4371327049094,1.40765298821518,3.46661242160363
0.0270201759719886,2.43719774705745,1.40545753673106,3.46893795738384
0.027186745506027,2.4372627892055,1.40326053604354,3.47126504236746
0.0273543418805159,2.43732783135355,1.4010619962978,3.4735936664093
0.0275229714255525,2.4373928735016,1.39886192755742,3.47592381944577
0.0276926405102564,2.43745791564964,1.39666033980516,3.47825549149413
0.0278633555430107,2.43752295779769,1.39445724294367,3.48058867265172
0.0280351229717039,2.43758799994574,1.39225264679622,3.48292335309527
0.0282079492839731,2.43765304209379,1.3900465611074,3.48525952308017
0.0283818410074497,2.43771808424184,1.38783899554389,3.48759717293979
0.0285568047100052,2.43778312638989,1.38562995969506,3.48993629308471
0.028732847,2.43784816853794,1.3834194630738,3.49227687400207
